gcode,gname,week_end_date,week_end_year,total_weekly_sales,weekly_purchase_tax_rate_mean,weekly_invoice_tax_rate_mean
026436,低钙腹膜透析液(乳酸盐-G1.5%),2026-01-04 00:00:00,2026,24616.000000,0.130000000000,0.130000000000
026436,低钙腹膜透析液(乳酸盐-G1.5%),2025-12-28 00:00:00,2025,45138.000000,0.130000000000,0.130000000000
026436,低钙腹膜透析液(乳酸盐-G1.5%),2025-12-21 00:00:00,2025,29424.000000,0.130000000000,0.130000000000
026436,低钙腹膜透析液(乳酸盐-G1.5%),2025-12-14 00:00:00,2025,35264.000000,0.130000000000,0.130000000000
026436,低钙腹膜透析液(乳酸盐-G1.5%),2025-12-07 00:00:00,2025,33384.000000,0.130000000000,0.130000000000
026436,低钙腹膜透析液(乳酸盐-G1.5%),2025-11-30 00:00:00,2025,35565.000000,0.130000000000,0.130000000000
026436,低钙腹膜透析液(乳酸盐-G1.5%),2025-11-23 00:00:00,2025,35114.000000,0.130000000000,0.130000000000
026436,低钙腹膜透析液(乳酸盐-G1.5%),2025-11-16 00:00:00,2025,33840.000000,0.130000000000,0.130000000000
026436,低钙腹膜透析液(乳酸盐-G1.5%),2025-11-09 00:00:00,2025,31447.000000,0.130000000000,0.130000000000
026436,低钙腹膜透析液(乳酸盐-G1.5%),2025-11-02 00:00:00,2025,26178.000000,0.130000000000,0.130000000000
026436,低钙腹膜透析液(乳酸盐-G1.5%),2025-10-26 00:00:00,2025,39224.000000,0.130000000000,0.130000000000
026436,低钙腹膜透析液(乳酸盐-G1.5%),2025-10-19 00:00:00,2025,33808.000000,0.130000000000,0.130000000000
026436,低钙腹膜透析液(乳酸盐-G1.5%),2025-10-12 00:00:00,2025,27171.000000,0.130000000000,0.130000000000
026436,低钙腹膜透析液(乳酸盐-G1.5%),2025-10-05 00:00:00,2025,10613.000000,0.130000000000,0.130000000000
026436,低钙腹膜透析液(乳酸盐-G1.5%),2025-09-28 00:00:00,2025,60296.000000,0.130000000000,0.130000000000
026436,低钙腹膜透析液(乳酸盐-G1.5%),2025-09-21 00:00:00,2025,36600.000000,0.130000000000,0.130000000000
026436,低钙腹膜透析液(乳酸盐-G1.5%),2025-09-14 00:00:00,2025,33384.000000,0.130000000000,0.130000000000
026436,低钙腹膜透析液(乳酸盐-G1.5%),2025-09-07 00:00:00,2025,32632.000000,0.130000000000,0.130000000000
026436,低钙腹膜透析液(乳酸盐-G1.5%),2025-08-31 00:00:00,2025,39017.000000,0.130000000000,0.130000000000
026436,低钙腹膜透析液(乳酸盐-G1.5%),2025-08-24 00:00:00,2025,31100.000000,0.130000000000,0.130000000000
026436,低钙腹膜透析液(乳酸盐-G1.5%),2025-08-17 00:00:00,2025,35025.000000,0.130000000000,0.130000000000
026436,低钙腹膜透析液(乳酸盐-G1.5%),2025-08-10 00:00:00,2025,33371.000000,0.130000000000,0.130000000000
026436,低钙腹膜透析液(乳酸盐-G1.5%),2025-08-03 00:00:00,2025,28085.000000,0.130000000000,0.130000000000
026436,低钙腹膜透析液(乳酸盐-G1.5%),2025-07-27 00:00:00,2025,36773.000000,0.130000000000,0.130000000000
026436,低钙腹膜透析液(乳酸盐-G1.5%),2025-07-20 00:00:00,2025,33207.000000,0.130000000000,0.130000000000
026436,低钙腹膜透析液(乳酸盐-G1.5%),2025-07-13 00:00:00,2025,39210.000000,0.130000000000,0.130000000000
026436,低钙腹膜透析液(乳酸盐-G1.5%),2025-07-06 00:00:00,2025,27170.000000,0.130000000000,0.130000000000
026436,低钙腹膜透析液(乳酸盐-G1.5%),2025-06-29 00:00:00,2025,39234.000000,0.130000000000,0.130000000000
026436,低钙腹膜透析液(乳酸盐-G1.5%),2025-06-22 00:00:00,2025,32962.000000,0.130000000000,0.130000000000
026436,低钙腹膜透析液(乳酸盐-G1.5%),2025-06-15 00:00:00,2025,34078.000000,0.130000000000,0.130000000000
026436,低钙腹膜透析液(乳酸盐-G1.5%),2025-06-08 00:00:00,2025,26800.000000,0.130000000000,0.130000000000
026436,低钙腹膜透析液(乳酸盐-G1.5%),2025-06-01 00:00:00,2025,37377.000000,0.130000000000,0.130000000000
026436,低钙腹膜透析液(乳酸盐-G1.5%),2025-05-25 00:00:00,2025,32858.000000,0.130000000000,0.130000000000
026436,低钙腹膜透析液(乳酸盐-G1.5%),2025-05-18 00:00:00,2025,35007.000000,0.130000000000,0.130000000000
026436,低钙腹膜透析液(乳酸盐-G1.5%),2025-05-11 00:00:00,2025,31132.000000,0.130000000000,0.130000000000
026436,低钙腹膜透析液(乳酸盐-G1.5%),2025-05-04 00:00:00,2025,17452.000000,0.130000000000,0.130000000000
026436,低钙腹膜透析液(乳酸盐-G1.5%),2025-04-27 00:00:00,2025,46528.000000,0.130000000000,0.130000000000
026436,低钙腹膜透析液(乳酸盐-G1.5%),2025-04-20 00:00:00,2025,30435.000000,0.130000000000,0.130000000000
026436,低钙腹膜透析液(乳酸盐-G1.5%),2025-04-13 00:00:00,2025,36294.000000,0.130000000000,0.130000000000
026436,低钙腹膜透析液(乳酸盐-G1.5%),2025-04-06 00:00:00,2025,18712.000000,0.130000000000,0.130000000000
026436,低钙腹膜透析液(乳酸盐-G1.5%),2025-03-30 00:00:00,2025,36864.000000,0.130000000000,0.130000000000
026436,低钙腹膜透析液(乳酸盐-G1.5%),2025-03-23 00:00:00,2025,35988.000000,0.130000000000,0.130000000000
026436,低钙腹膜透析液(乳酸盐-G1.5%),2025-03-16 00:00:00,2025,37194.000000,0.130000000000,0.130000000000
026436,低钙腹膜透析液(乳酸盐-G1.5%),2025-03-09 00:00:00,2025,28788.000000,0.130000000000,0.130000000000
026436,低钙腹膜透析液(乳酸盐-G1.5%),2025-03-02 00:00:00,2025,38004.000000,0.130000000000,0.130000000000
026436,低钙腹膜透析液(乳酸盐-G1.5%),2025-02-23 00:00:00,2025,36698.000000,0.130000000000,0.130000000000
026436,低钙腹膜透析液(乳酸盐-G1.5%),2025-02-16 00:00:00,2025,28905.000000,0.130000000000,0.130000000000
026436,低钙腹膜透析液(乳酸盐-G1.5%),2025-02-09 00:00:00,2025,15387.000000,0.130000000000,0.130000000000
026436,低钙腹膜透析液(乳酸盐-G1.5%),2025-02-02 00:00:00,2025,200.000000,0.130000000000,0.130000000000
026436,低钙腹膜透析液(乳酸盐-G1.5%),2025-01-26 00:00:00,2025,45929.000000,0.130000000000,0.130000000000
026436,低钙腹膜透析液(乳酸盐-G1.5%),2025-01-19 00:00:00,2025,55532.000000,0.130000000000,0.130000000000
026436,低钙腹膜透析液(乳酸盐-G1.5%),2025-01-12 00:00:00,2025,42820.000000,0.130000000000,0.130000000000
026436,低钙腹膜透析液(乳酸盐-G1.5%),2025-01-05 00:00:00,2025,29923.000000,0.130000000000,0.130000000000
026436,低钙腹膜透析液(乳酸盐-G1.5%),2024-12-29 00:00:00,2024,42764.000000,0.130000000000,0.130000000000
026436,低钙腹膜透析液(乳酸盐-G1.5%),2024-12-22 00:00:00,2024,45096.000000,0.130000000000,0.130000000000
026436,低钙腹膜透析液(乳酸盐-G1.5%),2024-12-15 00:00:00,2024,36191.000000,0.130000000000,0.130000000000
026436,低钙腹膜透析液(乳酸盐-G1.5%),2024-12-08 00:00:00,2024,32096.000000,0.130000000000,0.130000000000
026436,低钙腹膜透析液(乳酸盐-G1.5%),2024-12-01 00:00:00,2024,35859.000000,0.130000000000,0.130000000000
026436,低钙腹膜透析液(乳酸盐-G1.5%),2024-11-24 00:00:00,2024,41489.000000,0.130000000000,0.130000000000
026436,低钙腹膜透析液(乳酸盐-G1.5%),2024-11-17 00:00:00,2024,31255.000000,0.130000000000,0.130000000000
026436,低钙腹膜透析液(乳酸盐-G1.5%),2024-11-10 00:00:00,2024,34278.000000,0.130000000000,0.130000000000
026436,低钙腹膜透析液(乳酸盐-G1.5%),2024-11-03 00:00:00,2024,33616.000000,0.130000000000,0.130000000000
026436,低钙腹膜透析液(乳酸盐-G1.5%),2024-10-27 00:00:00,2024,38612.000000,0.130000000000,0.130000000000
026436,低钙腹膜透析液(乳酸盐-G1.5%),2024-10-20 00:00:00,2024,31420.000000,0.130000000000,0.130000000000
026436,低钙腹膜透析液(乳酸盐-G1.5%),2024-10-13 00:00:00,2024,42886.000000,0.130000000000,0.130000000000
026436,低钙腹膜透析液(乳酸盐-G1.5%),2024-10-06 00:00:00,2024,4110.000000,0.130000000000,0.130000000000
026436,低钙腹膜透析液(乳酸盐-G1.5%),2024-09-29 00:00:00,2024,59014.000000,0.130000000000,0.130000000000
026436,低钙腹膜透析液(乳酸盐-G1.5%),2024-09-22 00:00:00,2024,25954.000000,0.130000000000,0.130000000000
026436,低钙腹膜透析液(乳酸盐-G1.5%),2024-09-15 00:00:00,2024,42946.000000,0.130000000000,0.130000000000
026436,低钙腹膜透析液(乳酸盐-G1.5%),2024-09-08 00:00:00,2024,39062.000000,0.130000000000,0.130000000000
026436,低钙腹膜透析液(乳酸盐-G1.5%),2024-09-01 00:00:00,2024,32776.000000,0.130000000000,0.130000000000
026436,低钙腹膜透析液(乳酸盐-G1.5%),2024-08-25 00:00:00,2024,34504.000000,0.130000000000,0.130000000000
026436,低钙腹膜透析液(乳酸盐-G1.5%),2024-08-18 00:00:00,2024,39492.000000,0.130000000000,0.130000000000
026436,低钙腹膜透析液(乳酸盐-G1.5%),2024-08-11 00:00:00,2024,34776.000000,0.130000000000,0.130000000000
026436,低钙腹膜透析液(乳酸盐-G1.5%),2024-08-04 00:00:00,2024,29506.000000,0.130000000000,0.130000000000
026436,低钙腹膜透析液(乳酸盐-G1.5%),2024-07-28 00:00:00,2024,37922.000000,0.130000000000,0.130000000000
026436,低钙腹膜透析液(乳酸盐-G1.5%),2024-07-21 00:00:00,2024,32788.000000,0.130000000000,0.130000000000
026436,低钙腹膜透析液(乳酸盐-G1.5%),2024-07-14 00:00:00,2024,39393.000000,0.130000000000,0.130000000000
026436,低钙腹膜透析液(乳酸盐-G1.5%),2024-07-07 00:00:00,2024,39182.000000,0.130000000000,0.130000000000
026436,低钙腹膜透析液(乳酸盐-G1.5%),2024-06-30 00:00:00,2024,37220.000000,0.130000000000,0.130000000000
026436,低钙腹膜透析液(乳酸盐-G1.5%),2024-06-23 00:00:00,2024,34275.000000,0.130000000000,0.130000000000
026436,低钙腹膜透析液(乳酸盐-G1.5%),2024-06-16 00:00:00,2024,37988.000000,0.130000000000,0.130000000000
026436,低钙腹膜透析液(乳酸盐-G1.5%),2024-06-09 00:00:00,2024,37326.000000,0.130000000000,0.130000000000
026436,低钙腹膜透析液(乳酸盐-G1.5%),2024-06-02 00:00:00,2024,36477.000000,0.130000000000,0.130000000000
026436,低钙腹膜透析液(乳酸盐-G1.5%),2024-05-26 00:00:00,2024,35305.000000,0.130000000000,0.130000000000
026436,低钙腹膜透析液(乳酸盐-G1.5%),2024-05-19 00:00:00,2024,29737.000000,0.130000000000,0.130000000000
026436,低钙腹膜透析液(乳酸盐-G1.5%),2024-05-12 00:00:00,2024,38945.000000,0.130000000000,0.130000000000
026436,低钙腹膜透析液(乳酸盐-G1.5%),2024-05-05 00:00:00,2024,13830.000000,0.130000000000,0.130000000000
026436,低钙腹膜透析液(乳酸盐-G1.5%),2024-04-28 00:00:00,2024,49107.000000,0.130000000000,0.130000000000
026436,低钙腹膜透析液(乳酸盐-G1.5%),2024-04-21 00:00:00,2024,35085.000000,0.130000000000,0.130000000000
026436,低钙腹膜透析液(乳酸盐-G1.5%),2024-04-14 00:00:00,2024,19714.000000,0.130000000000,0.130000000000
026436,低钙腹膜透析液(乳酸盐-G1.5%),2024-04-07 00:00:00,2024,38456.000000,0.130000000000,0.130000000000
026436,低钙腹膜透析液(乳酸盐-G1.5%),2024-03-31 00:00:00,2024,38187.000000,0.130000000000,0.130000000000
026436,低钙腹膜透析液(乳酸盐-G1.5%),2024-03-24 00:00:00,2024,24191.000000,0.130000000000,0.130000000000
026436,低钙腹膜透析液(乳酸盐-G1.5%),2024-03-17 00:00:00,2024,29000.000000,0.130000000000,0.130000000000
026436,低钙腹膜透析液(乳酸盐-G1.5%),2024-03-10 00:00:00,2024,32617.000000,0.130000000000,0.130000000000
026436,低钙腹膜透析液(乳酸盐-G1.5%),2024-03-03 00:00:00,2024,29896.000000,0.130000000000,0.130000000000
026436,低钙腹膜透析液(乳酸盐-G1.5%),2024-02-25 00:00:00,2024,26206.000000,0.130000000000,0.130000000000
026436,低钙腹膜透析液(乳酸盐-G1.5%),2024-02-18 00:00:00,2024,6754.000000,0.130000000000,0.130000000000
026436,低钙腹膜透析液(乳酸盐-G1.5%),2024-02-11 00:00:00,2024,11328.000000,0.130000000000,0.130000000000
026436,低钙腹膜透析液(乳酸盐-G1.5%),2024-02-04 00:00:00,2024,54471.000000,0.130000000000,0.130000000000
026436,低钙腹膜透析液(乳酸盐-G1.5%),2024-01-28 00:00:00,2024,46093.000000,0.130000000000,0.130000000000
026436,低钙腹膜透析液(乳酸盐-G1.5%),2024-01-21 00:00:00,2024,46428.000000,0.130000000000,0.130000000000
026436,低钙腹膜透析液(乳酸盐-G1.5%),2024-01-14 00:00:00,2024,39898.000000,0.130000000000,0.130000000000
026436,低钙腹膜透析液(乳酸盐-G1.5%),2024-01-07 00:00:00,2024,25350.000000,0.130000000000,0.130000000000
026436,低钙腹膜透析液(乳酸盐-G1.5%),2023-12-31 00:00:00,2023,36790.000000,0.130000000000,0.130000000000
026436,低钙腹膜透析液(乳酸盐-G1.5%),2023-12-24 00:00:00,2023,30559.000000,0.130000000000,0.130000000000
026436,低钙腹膜透析液(乳酸盐-G1.5%),2023-12-17 00:00:00,2023,40186.000000,0.130000000000,0.130000000000
026436,低钙腹膜透析液(乳酸盐-G1.5%),2023-12-10 00:00:00,2023,34799.000000,0.130000000000,0.130000000000
026436,低钙腹膜透析液(乳酸盐-G1.5%),2023-12-03 00:00:00,2023,30436.000000,0.130000000000,0.130000000000
026436,低钙腹膜透析液(乳酸盐-G1.5%),2023-11-26 00:00:00,2023,38078.000000,0.130000000000,0.130000000000
026436,低钙腹膜透析液(乳酸盐-G1.5%),2023-11-19 00:00:00,2023,33539.000000,0.130000000000,0.130000000000
026436,低钙腹膜透析液(乳酸盐-G1.5%),2023-11-12 00:00:00,2023,37551.000000,0.130000000000,0.130000000000
026436,低钙腹膜透析液(乳酸盐-G1.5%),2023-11-05 00:00:00,2023,25607.000000,0.130000000000,0.130000000000
026436,低钙腹膜透析液(乳酸盐-G1.5%),2023-10-29 00:00:00,2023,35897.000000,0.130000000000,0.130000000000
026436,低钙腹膜透析液(乳酸盐-G1.5%),2023-10-22 00:00:00,2023,34820.000000,0.130000000000,0.130000000000
026436,低钙腹膜透析液(乳酸盐-G1.5%),2023-10-15 00:00:00,2023,31746.000000,0.130000000000,0.130000000000
026436,低钙腹膜透析液(乳酸盐-G1.5%),2023-10-08 00:00:00,2023,13882.000000,0.130000000000,0.130000000000
026436,低钙腹膜透析液(乳酸盐-G1.5%),2023-10-01 00:00:00,2023,36498.000000,0.130000000000,0.126167400881
026436,低钙腹膜透析液(乳酸盐-G1.5%),2023-09-24 00:00:00,2023,40310.000000,0.130000000000,0.125853658537
026436,低钙腹膜透析液(乳酸盐-G1.5%),2023-09-17 00:00:00,2023,36491.000000,0.130000000000,0.124977375566
026436,低钙腹膜透析液(乳酸盐-G1.5%),2023-09-10 00:00:00,2023,44460.000000,0.130000000000,0.126506024096
026436,低钙腹膜透析液(乳酸盐-G1.5%),2023-09-03 00:00:00,2023,22963.000000,0.130000000000,0.125178571429
026436,低钙腹膜透析液(乳酸盐-G1.5%),2023-08-27 00:00:00,2023,36362.000000,0.130000000000,0.123720930233
026436,低钙腹膜透析液(乳酸盐-G1.5%),2023-08-20 00:00:00,2023,27542.000000,0.130000000000,0.126701570681
026436,低钙腹膜透析液(乳酸盐-G1.5%),2023-08-13 00:00:00,2023,34374.000000,0.130000000000,0.125674418605
026436,低钙腹膜透析液(乳酸盐-G1.5%),2023-08-06 00:00:00,2023,32544.000000,0.130000000000,0.126808510638
026436,低钙腹膜透析液(乳酸盐-G1.5%),2023-07-30 00:00:00,2023,33966.000000,0.130000000000,0.126617647059
026436,低钙腹膜透析液(乳酸盐-G1.5%),2023-07-23 00:00:00,2023,32700.000000,0.130000000000,0.699441860465
026436,低钙腹膜透析液(乳酸盐-G1.5%),2023-07-16 00:00:00,2023,31482.000000,0.130000000000,0.129690721649
026436,低钙腹膜透析液(乳酸盐-G1.5%),2023-07-09 00:00:00,2023,36637.000000,0.130000000000,0.126331877729
026436,低钙腹膜透析液(乳酸盐-G1.5%),2023-07-02 00:00:00,2023,26840.000000,0.130000000000,0.126379310345
026436,低钙腹膜透析液(乳酸盐-G1.5%),2023-06-25 00:00:00,2023,31594.000000,0.130000000000,0.126153846154
026436,低钙腹膜透析液(乳酸盐-G1.5%),2023-06-18 00:00:00,2023,33690.000000,0.130000000000,0.126250000000
026436,低钙腹膜透析液(乳酸盐-G1.5%),2023-06-11 00:00:00,2023,40368.000000,0.130000000000,0.124230769231
026436,低钙腹膜透析液(乳酸盐-G1.5%),2023-06-04 00:00:00,2023,25400.000000,0.130000000000,0.125875000000
026436,低钙腹膜透析液(乳酸盐-G1.5%),2023-05-28 00:00:00,2023,35962.000000,0.130000000000,0.123253588517
026436,低钙腹膜透析液(乳酸盐-G1.5%),2023-05-21 00:00:00,2023,28084.000000,0.130000000000,0.126865671642
026436,低钙腹膜透析液(乳酸盐-G1.5%),2023-05-14 00:00:00,2023,33407.000000,0.130000000000,0.125772727273
026436,低钙腹膜透析液(乳酸盐-G1.5%),2023-05-07 00:00:00,2023,24518.000000,0.130000000000,0.129754098361
026436,低钙腹膜透析液(乳酸盐-G1.5%),2023-04-30 00:00:00,2023,48021.000000,0.130000000000,0.129873949580
026436,低钙腹膜透析液(乳酸盐-G1.5%),2023-04-23 00:00:00,2023,31990.000000,0.130000000000,0.130000000000
026436,低钙腹膜透析液(乳酸盐-G1.5%),2023-04-16 00:00:00,2023,38191.000000,0.130000000000,0.130000000000
026436,低钙腹膜透析液(乳酸盐-G1.5%),2023-04-09 00:00:00,2023,28264.000000,0.130000000000,0.130000000000
026436,低钙腹膜透析液(乳酸盐-G1.5%),2023-04-02 00:00:00,2023,29866.000000,0.130000000000,0.130000000000
026436,低钙腹膜透析液(乳酸盐-G1.5%),2023-03-26 00:00:00,2023,25724.000000,0.130000000000,0.130000000000
026436,低钙腹膜透析液(乳酸盐-G1.5%),2023-03-19 00:00:00,2023,36478.000000,0.130000000000,0.130000000000
026436,低钙腹膜透析液(乳酸盐-G1.5%),2023-03-12 00:00:00,2023,32177.000000,0.130000000000,0.130000000000
026436,低钙腹膜透析液(乳酸盐-G1.5%),2023-03-05 00:00:00,2023,25372.000000,0.130000000000,0.130000000000
026436,低钙腹膜透析液(乳酸盐-G1.5%),2023-02-26 00:00:00,2023,27139.000000,0.130000000000,0.130000000000
026436,低钙腹膜透析液(乳酸盐-G1.5%),2023-02-19 00:00:00,2023,31647.000000,0.130000000000,0.130000000000
026436,低钙腹膜透析液(乳酸盐-G1.5%),2023-02-12 00:00:00,2023,33746.000000,0.130000000000,0.130000000000
026436,低钙腹膜透析液(乳酸盐-G1.5%),2023-02-05 00:00:00,2023,17001.000000,0.130000000000,0.130000000000
026436,低钙腹膜透析液(乳酸盐-G1.5%),2023-01-29 00:00:00,2023,5454.000000,0.130000000000,0.130000000000
026436,低钙腹膜透析液(乳酸盐-G1.5%),2023-01-22 00:00:00,2023,17682.000000,0.130000000000,0.130000000000
026436,低钙腹膜透析液(乳酸盐-G1.5%),2023-01-15 00:00:00,2023,52281.000000,0.130000000000,0.130000000000
026436,低钙腹膜透析液(乳酸盐-G1.5%),2023-01-08 00:00:00,2023,50575.000000,0.130000000000,0.130000000000
026436,低钙腹膜透析液(乳酸盐-G1.5%),2023-01-01 00:00:00,2023,39227.000000,0.130000000000,0.130000000000
026436,低钙腹膜透析液(乳酸盐-G1.5%),2022-12-25 00:00:00,2022,40312.000000,0.130000000000,0.130000000000
026436,低钙腹膜透析液(乳酸盐-G1.5%),2022-12-18 00:00:00,2022,39098.000000,0.130000000000,0.130000000000
026436,低钙腹膜透析液(乳酸盐-G1.5%),2022-12-11 00:00:00,2022,38465.000000,0.130000000000,0.130000000000
026436,低钙腹膜透析液(乳酸盐-G1.5%),2022-12-04 00:00:00,2022,28958.000000,0.130000000000,0.130000000000
026436,低钙腹膜透析液(乳酸盐-G1.5%),2022-11-27 00:00:00,2022,34462.000000,0.130000000000,0.130000000000
026436,低钙腹膜透析液(乳酸盐-G1.5%),2022-11-20 00:00:00,2022,36208.000000,0.130000000000,0.130000000000
026436,低钙腹膜透析液(乳酸盐-G1.5%),2022-11-13 00:00:00,2022,30354.000000,0.130000000000,0.130000000000
026436,低钙腹膜透析液(乳酸盐-G1.5%),2022-11-06 00:00:00,2022,32842.000000,0.130000000000,0.130000000000
026436,低钙腹膜透析液(乳酸盐-G1.5%),2022-10-30 00:00:00,2022,34550.000000,0.130000000000,0.130000000000
026436,低钙腹膜透析液(乳酸盐-G1.5%),2022-10-23 00:00:00,2022,37276.000000,0.130000000000,0.130000000000
026436,低钙腹膜透析液(乳酸盐-G1.5%),2022-10-16 00:00:00,2022,28936.000000,0.130000000000,0.130000000000
026436,低钙腹膜透析液(乳酸盐-G1.5%),2022-10-09 00:00:00,2022,11722.000000,0.130000000000,0.130000000000
026436,低钙腹膜透析液(乳酸盐-G1.5%),2022-10-02 00:00:00,2022,40872.000000,0.130000000000,0.130000000000
026436,低钙腹膜透析液(乳酸盐-G1.5%),2022-09-25 00:00:00,2022,38817.000000,0.130000000000,0.130000000000
026436,低钙腹膜透析液(乳酸盐-G1.5%),2022-09-18 00:00:00,2022,32914.000000,0.130000000000,0.130000000000
026436,低钙腹膜透析液(乳酸盐-G1.5%),2022-09-11 00:00:00,2022,39109.000000,0.130000000000,0.130000000000
026436,低钙腹膜透析液(乳酸盐-G1.5%),2022-09-04 00:00:00,2022,26432.000000,0.130000000000,0.130000000000
026436,低钙腹膜透析液(乳酸盐-G1.5%),2022-08-28 00:00:00,2022,31739.000000,0.130000000000,0.130000000000
026436,低钙腹膜透析液(乳酸盐-G1.5%),2022-08-21 00:00:00,2022,30223.000000,0.130000000000,0.130000000000
026436,低钙腹膜透析液(乳酸盐-G1.5%),2022-08-14 00:00:00,2022,35060.000000,0.130000000000,0.130000000000
026436,低钙腹膜透析液(乳酸盐-G1.5%),2022-08-07 00:00:00,2022,36824.000000,0.130000000000,0.130000000000
026436,低钙腹膜透析液(乳酸盐-G1.5%),2022-07-31 00:00:00,2022,28142.000000,0.130000000000,0.130000000000
026436,低钙腹膜透析液(乳酸盐-G1.5%),2022-07-24 00:00:00,2022,31850.000000,0.130000000000,0.130000000000
026436,低钙腹膜透析液(乳酸盐-G1.5%),2022-07-17 00:00:00,2022,33499.000000,0.130000000000,0.130000000000
026436,低钙腹膜透析液(乳酸盐-G1.5%),2022-07-10 00:00:00,2022,30929.000000,0.130000000000,0.130000000000
026436,低钙腹膜透析液(乳酸盐-G1.5%),2022-07-03 00:00:00,2022,30779.000000,0.130000000000,0.130000000000
026436,低钙腹膜透析液(乳酸盐-G1.5%),2022-06-26 00:00:00,2022,37646.000000,0.130000000000,0.130000000000
026436,低钙腹膜透析液(乳酸盐-G1.5%),2022-06-19 00:00:00,2022,33472.000000,0.130000000000,0.130000000000
026436,低钙腹膜透析液(乳酸盐-G1.5%),2022-06-12 00:00:00,2022,33968.000000,0.130000000000,0.130000000000
026436,低钙腹膜透析液(乳酸盐-G1.5%),2022-06-05 00:00:00,2022,24956.000000,0.130000000000,0.130000000000
026436,低钙腹膜透析液(乳酸盐-G1.5%),2022-05-29 00:00:00,2022,31887.000000,0.130000000000,0.130000000000
026436,低钙腹膜透析液(乳酸盐-G1.5%),2022-05-22 00:00:00,2022,35127.000000,0.130000000000,0.130000000000
026436,低钙腹膜透析液(乳酸盐-G1.5%),2022-05-15 00:00:00,2022,32676.000000,0.130000000000,0.130000000000
026436,低钙腹膜透析液(乳酸盐-G1.5%),2022-05-08 00:00:00,2022,20376.000000,0.130000000000,0.130000000000
026436,低钙腹膜透析液(乳酸盐-G1.5%),2022-05-01 00:00:00,2022,32146.000000,0.130000000000,0.130000000000
026436,低钙腹膜透析液(乳酸盐-G1.5%),2022-04-24 00:00:00,2022,44798.000000,0.130000000000,0.130000000000
026436,低钙腹膜透析液(乳酸盐-G1.5%),2022-04-17 00:00:00,2022,37550.000000,0.130000000000,0.130000000000
026436,低钙腹膜透析液(乳酸盐-G1.5%),2022-04-10 00:00:00,2022,15348.000000,0.130000000000,0.130000000000
026436,低钙腹膜透析液(乳酸盐-G1.5%),2022-04-03 00:00:00,2022,34630.000000,0.130000000000,0.130000000000
026436,低钙腹膜透析液(乳酸盐-G1.5%),2022-03-27 00:00:00,2022,33860.000000,0.130000000000,0.130000000000
026436,低钙腹膜透析液(乳酸盐-G1.5%),2022-03-20 00:00:00,2022,27644.000000,0.130000000000,0.130000000000
026436,低钙腹膜透析液(乳酸盐-G1.5%),2022-03-13 00:00:00,2022,31528.000000,0.130000000000,0.130000000000
026436,低钙腹膜透析液(乳酸盐-G1.5%),2022-03-06 00:00:00,2022,31836.000000,0.130000000000,0.130000000000
026436,低钙腹膜透析液(乳酸盐-G1.5%),2022-02-27 00:00:00,2022,31409.000000,0.130000000000,0.130000000000
026436,低钙腹膜透析液(乳酸盐-G1.5%),2022-02-20 00:00:00,2022,28672.000000,0.130000000000,0.130000000000
026436,低钙腹膜透析液(乳酸盐-G1.5%),2022-02-13 00:00:00,2022,23156.000000,0.130000000000,0.130000000000
026436,低钙腹膜透析液(乳酸盐-G1.5%),2022-01-30 00:00:00,2022,28320.000000,0.130000000000,0.130000000000
026436,低钙腹膜透析液(乳酸盐-G1.5%),2022-01-23 00:00:00,2022,52469.000000,0.130000000000,0.130000000000
026436,低钙腹膜透析液(乳酸盐-G1.5%),2022-01-16 00:00:00,2022,57927.000000,0.130000000000,0.130000000000
026436,低钙腹膜透析液(乳酸盐-G1.5%),2022-01-09 00:00:00,2022,32407.000000,0.130000000000,0.130000000000
026436,低钙腹膜透析液(乳酸盐-G1.5%),2022-01-02 00:00:00,2022,36178.000000,0.130000000000,0.130000000000
026436,低钙腹膜透析液(乳酸盐-G1.5%),2021-12-26 00:00:00,2021,40251.000000,0.130000000000,0.130000000000
026436,低钙腹膜透析液(乳酸盐-G1.5%),2021-12-19 00:00:00,2021,37196.000000,0.130000000000,0.130000000000
026436,低钙腹膜透析液(乳酸盐-G1.5%),2021-12-12 00:00:00,2021,22131.000000,0.130000000000,0.130000000000
026436,低钙腹膜透析液(乳酸盐-G1.5%),2021-12-05 00:00:00,2021,31077.000000,0.130000000000,0.130000000000
026436,低钙腹膜透析液(乳酸盐-G1.5%),2021-11-28 00:00:00,2021,34752.000000,0.130000000000,0.130000000000
026436,低钙腹膜透析液(乳酸盐-G1.5%),2021-11-21 00:00:00,2021,33533.000000,0.130000000000,0.130000000000
026436,低钙腹膜透析液(乳酸盐-G1.5%),2021-11-14 00:00:00,2021,34249.000000,0.130000000000,0.130000000000
026436,低钙腹膜透析液(乳酸盐-G1.5%),2021-11-07 00:00:00,2021,34702.000000,0.130000000000,0.130000000000
026436,低钙腹膜透析液(乳酸盐-G1.5%),2021-10-31 00:00:00,2021,34405.000000,0.130000000000,0.130000000000
026436,低钙腹膜透析液(乳酸盐-G1.5%),2021-10-24 00:00:00,2021,35192.000000,0.130000000000,0.130000000000
026436,低钙腹膜透析液(乳酸盐-G1.5%),2021-10-17 00:00:00,2021,37088.000000,0.130000000000,0.130000000000
026436,低钙腹膜透析液(乳酸盐-G1.5%),2021-10-10 00:00:00,2021,16776.000000,0.130000000000,0.130000000000
026436,低钙腹膜透析液(乳酸盐-G1.5%),2021-10-03 00:00:00,2021,35229.000000,0.130000000000,0.130000000000
026436,低钙腹膜透析液(乳酸盐-G1.5%),2021-09-26 00:00:00,2021,32830.000000,0.130000000000,0.130000000000
026436,低钙腹膜透析液(乳酸盐-G1.5%),2021-09-19 00:00:00,2021,41987.000000,0.130000000000,0.130000000000
026436,低钙腹膜透析液(乳酸盐-G1.5%),2021-09-12 00:00:00,2021,37587.000000,0.130000000000,0.130000000000
026436,低钙腹膜透析液(乳酸盐-G1.5%),2021-09-05 00:00:00,2021,29240.000000,0.130000000000,0.130000000000
026436,低钙腹膜透析液(乳酸盐-G1.5%),2021-08-29 00:00:00,2021,34964.000000,0.130000000000,0.130000000000
026436,低钙腹膜透析液(乳酸盐-G1.5%),2021-08-22 00:00:00,2021,34008.000000,0.130000000000,0.130000000000
026436,低钙腹膜透析液(乳酸盐-G1.5%),2021-08-15 00:00:00,2021,32902.000000,0.130000000000,0.130000000000
026436,低钙腹膜透析液(乳酸盐-G1.5%),2021-08-08 00:00:00,2021,35606.000000,0.130000000000,0.130000000000
026436,低钙腹膜透析液(乳酸盐-G1.5%),2021-08-01 00:00:00,2021,29956.000000,0.130000000000,0.130000000000
026436,低钙腹膜透析液(乳酸盐-G1.5%),2021-07-25 00:00:00,2021,32554.000000,0.130000000000,0.130000000000
026436,低钙腹膜透析液(乳酸盐-G1.5%),2021-07-18 00:00:00,2021,35269.000000,0.130000000000,0.130000000000
026436,低钙腹膜透析液(乳酸盐-G1.5%),2021-07-11 00:00:00,2021,30341.000000,0.130000000000,0.130000000000
026436,低钙腹膜透析液(乳酸盐-G1.5%),2021-07-04 00:00:00,2021,32234.000000,0.130000000000,0.130000000000
026436,低钙腹膜透析液(乳酸盐-G1.5%),2021-06-27 00:00:00,2021,30906.000000,0.130000000000,0.130000000000
026436,低钙腹膜透析液(乳酸盐-G1.5%),2021-06-20 00:00:00,2021,31014.000000,0.130000000000,0.130000000000
026436,低钙腹膜透析液(乳酸盐-G1.5%),2021-06-13 00:00:00,2021,36742.000000,0.130000000000,0.130000000000
026436,低钙腹膜透析液(乳酸盐-G1.5%),2021-06-06 00:00:00,2021,27490.000000,0.130000000000,0.130000000000
026436,低钙腹膜透析液(乳酸盐-G1.5%),2021-05-30 00:00:00,2021,31020.000000,0.130000000000,0.130000000000
026436,低钙腹膜透析液(乳酸盐-G1.5%),2021-05-23 00:00:00,2021,31981.000000,0.130000000000,0.130000000000
026436,低钙腹膜透析液(乳酸盐-G1.5%),2021-05-16 00:00:00,2021,28852.000000,0.130000000000,0.130000000000
026436,低钙腹膜透析液(乳酸盐-G1.5%),2021-05-09 00:00:00,2021,23004.000000,0.130000000000,0.130000000000
026436,低钙腹膜透析液(乳酸盐-G1.5%),2021-05-02 00:00:00,2021,37848.000000,0.130000000000,0.130000000000
026436,低钙腹膜透析液(乳酸盐-G1.5%),2021-04-25 00:00:00,2021,34659.000000,0.130000000000,0.130000000000
026436,低钙腹膜透析液(乳酸盐-G1.5%),2021-04-18 00:00:00,2021,25147.000000,0.130000000000,0.130000000000
026436,低钙腹膜透析液(乳酸盐-G1.5%),2021-04-11 00:00:00,2021,34277.000000,0.130000000000,0.130000000000
026436,低钙腹膜透析液(乳酸盐-G1.5%),2021-04-04 00:00:00,2021,27398.000000,0.130000000000,0.130000000000
026436,低钙腹膜透析液(乳酸盐-G1.5%),2021-03-28 00:00:00,2021,30020.000000,0.130000000000,0.130000000000
026436,低钙腹膜透析液(乳酸盐-G1.5%),2021-03-21 00:00:00,2021,29270.000000,0.130000000000,0.130000000000
026436,低钙腹膜透析液(乳酸盐-G1.5%),2021-03-14 00:00:00,2021,29001.000000,0.130000000000,0.130000000000
026436,低钙腹膜透析液(乳酸盐-G1.5%),2021-03-07 00:00:00,2021,36514.000000,0.130000000000,0.130000000000
026436,低钙腹膜透析液(乳酸盐-G1.5%),2021-02-28 00:00:00,2021,21320.000000,0.130000000000,0.130000000000
026436,低钙腹膜透析液(乳酸盐-G1.5%),2021-02-21 00:00:00,2021,12846.000000,0.130000000000,0.130000000000
026436,低钙腹膜透析液(乳酸盐-G1.5%),2021-02-14 00:00:00,2021,7879.000000,0.130000000000,0.130000000000
026436,低钙腹膜透析液(乳酸盐-G1.5%),2021-02-07 00:00:00,2021,47760.000000,0.130000000000,0.130000000000
026436,低钙腹膜透析液(乳酸盐-G1.5%),2021-01-31 00:00:00,2021,42414.000000,0.130000000000,0.130000000000
026436,低钙腹膜透析液(乳酸盐-G1.5%),2021-01-24 00:00:00,2021,36374.000000,0.130000000000,0.130000000000
026436,低钙腹膜透析液(乳酸盐-G1.5%),2021-01-17 00:00:00,2021,39546.000000,0.130000000000,0.130000000000
026436,低钙腹膜透析液(乳酸盐-G1.5%),2021-01-10 00:00:00,2021,36538.000000,0.130000000000,0.130000000000
026436,低钙腹膜透析液(乳酸盐-G1.5%),2021-01-03 00:00:00,2021,24791.000000,0.130000000000,0.130000000000
026436,低钙腹膜透析液(乳酸盐-G1.5%),2020-12-27 00:00:00,2020,32503.000000,0.130000000000,0.130000000000
026436,低钙腹膜透析液(乳酸盐-G1.5%),2020-12-20 00:00:00,2020,30969.000000,0.130000000000,0.130000000000
026436,低钙腹膜透析液(乳酸盐-G1.5%),2020-12-13 00:00:00,2020,33918.000000,0.130000000000,0.130000000000
026436,低钙腹膜透析液(乳酸盐-G1.5%),2020-12-06 00:00:00,2020,27696.000000,0.130000000000,0.130000000000
026436,低钙腹膜透析液(乳酸盐-G1.5%),2020-11-29 00:00:00,2020,34287.000000,0.130000000000,0.130000000000
026436,低钙腹膜透析液(乳酸盐-G1.5%),2020-11-22 00:00:00,2020,26668.000000,0.130000000000,0.130000000000
026436,低钙腹膜透析液(乳酸盐-G1.5%),2020-11-15 00:00:00,2020,31564.000000,0.130000000000,0.130000000000
026436,低钙腹膜透析液(乳酸盐-G1.5%),2020-11-08 00:00:00,2020,29193.000000,0.130000000000,0.130000000000
026436,低钙腹膜透析液(乳酸盐-G1.5%),2020-11-01 00:00:00,2020,29858.000000,0.130000000000,0.130000000000
026436,低钙腹膜透析液(乳酸盐-G1.5%),2020-10-25 00:00:00,2020,32980.000000,0.130000000000,0.130000000000
026436,低钙腹膜透析液(乳酸盐-G1.5%),2020-10-18 00:00:00,2020,29907.000000,0.130000000000,0.130000000000
026436,低钙腹膜透析液(乳酸盐-G1.5%),2020-10-11 00:00:00,2020,20594.000000,0.130000000000,0.130000000000
026436,低钙腹膜透析液(乳酸盐-G1.5%),2020-10-04 00:00:00,2020,20586.000000,0.130000000000,0.130000000000
026436,低钙腹膜透析液(乳酸盐-G1.5%),2020-09-27 00:00:00,2020,43387.000000,0.130000000000,0.130000000000
026436,低钙腹膜透析液(乳酸盐-G1.5%),2020-09-20 00:00:00,2020,34677.000000,0.130000000000,0.130000000000
026436,低钙腹膜透析液(乳酸盐-G1.5%),2020-09-13 00:00:00,2020,33159.000000,0.130000000000,0.130000000000
026436,低钙腹膜透析液(乳酸盐-G1.5%),2020-09-06 00:00:00,2020,29378.000000,0.130000000000,0.130000000000
026436,低钙腹膜透析液(乳酸盐-G1.5%),2020-08-30 00:00:00,2020,25216.000000,0.130000000000,0.130000000000
026436,低钙腹膜透析液(乳酸盐-G1.5%),2020-08-23 00:00:00,2020,28606.000000,0.130000000000,0.130000000000
026436,低钙腹膜透析液(乳酸盐-G1.5%),2020-08-16 00:00:00,2020,33136.000000,0.130000000000,0.130000000000
026436,低钙腹膜透析液(乳酸盐-G1.5%),2020-08-09 00:00:00,2020,37247.000000,0.130000000000,0.130000000000
026436,低钙腹膜透析液(乳酸盐-G1.5%),2020-08-02 00:00:00,2020,22658.000000,0.130000000000,0.130000000000
026436,低钙腹膜透析液(乳酸盐-G1.5%),2020-07-26 00:00:00,2020,31448.000000,0.130000000000,0.130000000000
026436,低钙腹膜透析液(乳酸盐-G1.5%),2020-07-19 00:00:00,2020,28554.000000,0.130000000000,0.130000000000
026436,低钙腹膜透析液(乳酸盐-G1.5%),2020-07-12 00:00:00,2020,32441.000000,0.130000000000,0.130000000000
026436,低钙腹膜透析液(乳酸盐-G1.5%),2020-07-05 00:00:00,2020,27174.000000,0.130000000000,0.130000000000
026436,低钙腹膜透析液(乳酸盐-G1.5%),2020-06-28 00:00:00,2020,28013.000000,0.130000000000,0.130000000000
026436,低钙腹膜透析液(乳酸盐-G1.5%),2020-06-21 00:00:00,2020,29154.000000,0.130000000000,0.130000000000
026436,低钙腹膜透析液(乳酸盐-G1.5%),2020-06-14 00:00:00,2020,25731.000000,0.130000000000,0.130000000000
026436,低钙腹膜透析液(乳酸盐-G1.5%),2020-06-07 00:00:00,2020,31322.000000,0.130000000000,0.130000000000
026436,低钙腹膜透析液(乳酸盐-G1.5%),2020-05-31 00:00:00,2020,25922.000000,0.130000000000,0.130000000000
026436,低钙腹膜透析液(乳酸盐-G1.5%),2020-05-24 00:00:00,2020,30388.000000,0.130000000000,0.130000000000
026436,低钙腹膜透析液(乳酸盐-G1.5%),2020-05-17 00:00:00,2020,25956.000000,0.130000000000,0.130000000000
026436,低钙腹膜透析液(乳酸盐-G1.5%),2020-05-10 00:00:00,2020,32322.000000,0.130000000000,0.130000000000
026436,低钙腹膜透析液(乳酸盐-G1.5%),2020-05-03 00:00:00,2020,20183.000000,0.130000000000,0.130000000000
026436,低钙腹膜透析液(乳酸盐-G1.5%),2020-04-26 00:00:00,2020,37544.000000,0.130000000000,0.130000000000
026436,低钙腹膜透析液(乳酸盐-G1.5%),2020-04-19 00:00:00,2020,25935.000000,0.130000000000,0.130000000000
026436,低钙腹膜透析液(乳酸盐-G1.5%),2020-04-12 00:00:00,2020,29168.000000,0.130000000000,0.130000000000
026436,低钙腹膜透析液(乳酸盐-G1.5%),2020-04-05 00:00:00,2020,26650.000000,0.130000000000,0.130000000000
026436,低钙腹膜透析液(乳酸盐-G1.5%),2020-03-29 00:00:00,2020,24614.000000,0.130000000000,0.130000000000
026436,低钙腹膜透析液(乳酸盐-G1.5%),2020-03-22 00:00:00,2020,32662.000000,0.130000000000,0.130000000000
026436,低钙腹膜透析液(乳酸盐-G1.5%),2020-03-15 00:00:00,2020,28263.000000,0.130000000000,0.130000000000
026436,低钙腹膜透析液(乳酸盐-G1.5%),2020-03-08 00:00:00,2020,23464.000000,0.130000000000,0.130000000000
026436,低钙腹膜透析液(乳酸盐-G1.5%),2020-03-01 00:00:00,2020,18202.000000,0.130000000000,0.130000000000
026436,低钙腹膜透析液(乳酸盐-G1.5%),2020-02-23 00:00:00,2020,30970.000000,0.130000000000,0.130000000000
026436,低钙腹膜透析液(乳酸盐-G1.5%),2020-02-16 00:00:00,2020,35762.000000,0.130000000000,0.130000000000
026436,低钙腹膜透析液(乳酸盐-G1.5%),2020-02-09 00:00:00,2020,28980.000000,0.130000000000,0.130000000000
026436,低钙腹膜透析液(乳酸盐-G1.5%),2020-02-02 00:00:00,2020,4024.000000,0.130000000000,0.130000000000
026436,低钙腹膜透析液(乳酸盐-G1.5%),2020-01-26 00:00:00,2020,9143.000000,0.130000000000,0.130000000000
026436,低钙腹膜透析液(乳酸盐-G1.5%),2020-01-19 00:00:00,2020,53483.000000,0.130000000000,0.130000000000
026436,低钙腹膜透析液(乳酸盐-G1.5%),2020-01-12 00:00:00,2020,39283.000000,0.130000000000,0.130000000000
026436,低钙腹膜透析液(乳酸盐-G1.5%),2020-01-05 00:00:00,2020,29116.000000,0.130000000000,0.130000000000
026436,低钙腹膜透析液(乳酸盐-G1.5%),2019-12-29 00:00:00,2019,22008.000000,0.130000000000,0.130000000000
026436,低钙腹膜透析液(乳酸盐-G1.5%),2019-12-22 00:00:00,2019,29722.000000,0.130000000000,0.130000000000
026436,低钙腹膜透析液(乳酸盐-G1.5%),2019-12-15 00:00:00,2019,32256.000000,0.130000000000,0.130000000000
026436,低钙腹膜透析液(乳酸盐-G1.5%),2019-12-08 00:00:00,2019,30513.000000,0.130000000000,0.130000000000
026436,低钙腹膜透析液(乳酸盐-G1.5%),2019-12-01 00:00:00,2019,21237.000000,0.130000000000,0.130000000000
026436,低钙腹膜透析液(乳酸盐-G1.5%),2019-11-24 00:00:00,2019,28615.000000,0.130000000000,0.130000000000
026436,低钙腹膜透析液(乳酸盐-G1.5%),2019-11-17 00:00:00,2019,27208.000000,0.130000000000,0.130000000000
026436,低钙腹膜透析液(乳酸盐-G1.5%),2019-11-10 00:00:00,2019,29473.000000,0.130000000000,0.130000000000
026436,低钙腹膜透析液(乳酸盐-G1.5%),2019-11-03 00:00:00,2019,18323.000000,0.130000000000,0.130000000000
026436,低钙腹膜透析液(乳酸盐-G1.5%),2019-10-27 00:00:00,2019,30152.000000,0.130000000000,0.130000000000
026436,低钙腹膜透析液(乳酸盐-G1.5%),2019-10-20 00:00:00,2019,21143.000000,0.130000000000,0.130000000000
026436,低钙腹膜透析液(乳酸盐-G1.5%),2019-10-13 00:00:00,2019,31291.000000,0.130000000000,0.130000000000
026436,低钙腹膜透析液(乳酸盐-G1.5%),2019-10-06 00:00:00,2019,2620.000000,0.130000000000,0.130000000000
026436,低钙腹膜透析液(乳酸盐-G1.5%),2019-09-29 00:00:00,2019,40448.000000,0.130000000000,0.130000000000
026436,低钙腹膜透析液(乳酸盐-G1.5%),2019-09-22 00:00:00,2019,31030.000000,0.130000000000,0.130000000000
026436,低钙腹膜透析液(乳酸盐-G1.5%),2019-09-15 00:00:00,2019,27754.000000,0.130000000000,0.130000000000
026436,低钙腹膜透析液(乳酸盐-G1.5%),2019-09-08 00:00:00,2019,28091.000000,0.130000000000,0.130000000000
026436,低钙腹膜透析液(乳酸盐-G1.5%),2019-09-01 00:00:00,2019,25855.000000,0.130000000000,0.130000000000
026436,低钙腹膜透析液(乳酸盐-G1.5%),2019-08-25 00:00:00,2019,23273.000000,0.130000000000,0.130000000000
026436,低钙腹膜透析液(乳酸盐-G1.5%),2019-08-18 00:00:00,2019,24757.000000,0.130000000000,0.130000000000
026436,低钙腹膜透析液(乳酸盐-G1.5%),2019-08-11 00:00:00,2019,27990.000000,0.130000000000,0.130000000000
026436,低钙腹膜透析液(乳酸盐-G1.5%),2019-08-04 00:00:00,2019,27122.000000,0.130201342282,0.130201342282
026436,低钙腹膜透析液(乳酸盐-G1.5%),2019-07-28 00:00:00,2019,25718.000000,0.130186335404,0.130186335404
026436,低钙腹膜透析液(乳酸盐-G1.5%),2019-07-21 00:00:00,2019,21915.000000,0.130000000000,0.130000000000
026436,低钙腹膜透析液(乳酸盐-G1.5%),2019-07-14 00:00:00,2019,28248.000000,0.130000000000,0.130000000000
026436,低钙腹膜透析液(乳酸盐-G1.5%),2019-07-07 00:00:00,2019,25114.000000,0.130731707317,0.130731707317
026436,低钙腹膜透析液(乳酸盐-G1.5%),2019-06-30 00:00:00,2019,27112.000000,0.130496894410,0.130496894410
026436,低钙腹膜透析液(乳酸盐-G1.5%),2019-06-23 00:00:00,2019,19286.000000,0.130000000000,0.130000000000
026436,低钙腹膜透析液(乳酸盐-G1.5%),2019-06-16 00:00:00,2019,30038.000000,0.130377358491,0.130377358491
026436,低钙腹膜透析液(乳酸盐-G1.5%),2019-06-09 00:00:00,2019,22502.000000,0.130000000000,0.130000000000
026436,低钙腹膜透析液(乳酸盐-G1.5%),2019-06-02 00:00:00,2019,29462.000000,0.130000000000,0.130000000000
026436,低钙腹膜透析液(乳酸盐-G1.5%),2019-05-26 00:00:00,2019,20805.000000,0.130608108108,0.130608108108
026436,低钙腹膜透析液(乳酸盐-G1.5%),2019-05-19 00:00:00,2019,27360.000000,0.141923076923,0.141923076923
026436,低钙腹膜透析液(乳酸盐-G1.5%),2019-05-12 00:00:00,2019,21707.000000,0.145569620253,0.145569620253
026436,低钙腹膜透析液(乳酸盐-G1.5%),2019-05-05 00:00:00,2019,19740.000000,0.150285714286,0.150285714286
026436,低钙腹膜透析液(乳酸盐-G1.5%),2019-04-28 00:00:00,2019,33361.000000,0.159375000000,0.159375000000
026436,低钙腹膜透析液(乳酸盐-G1.5%),2019-04-21 00:00:00,2019,26621.000000,0.159277108434,0.159277108434
026436,低钙腹膜透析液(乳酸盐-G1.5%),2019-04-14 00:00:00,2019,22519.000000,0.159794520548,0.159794520548
026436,低钙腹膜透析液(乳酸盐-G1.5%),2019-04-07 00:00:00,2019,18864.000000,0.160000000000,0.160000000000
026436,低钙腹膜透析液(乳酸盐-G1.5%),2019-03-31 00:00:00,2019,30100.000000,0.160000000000,0.160000000000
026436,低钙腹膜透析液(乳酸盐-G1.5%),2019-03-24 00:00:00,2019,25664.000000,0.160000000000,0.160000000000
026436,低钙腹膜透析液(乳酸盐-G1.5%),2019-03-17 00:00:00,2019,17715.000000,0.160000000000,0.160000000000
026436,低钙腹膜透析液(乳酸盐-G1.5%),2019-03-10 00:00:00,2019,27074.000000,0.160000000000,0.160000000000
026436,低钙腹膜透析液(乳酸盐-G1.5%),2019-03-03 00:00:00,2019,22300.000000,0.160000000000,0.160000000000
026436,低钙腹膜透析液(乳酸盐-G1.5%),2019-02-24 00:00:00,2019,23117.000000,0.160000000000,0.160000000000
026436,低钙腹膜透析液(乳酸盐-G1.5%),2019-02-17 00:00:00,2019,20790.000000,0.160000000000,0.160000000000
026436,低钙腹膜透析液(乳酸盐-G1.5%),2019-02-10 00:00:00,2019,640.000000,0.160000000000,0.160000000000
026436,低钙腹膜透析液(乳酸盐-G1.5%),2019-02-03 00:00:00,2019,21819.000000,0.160000000000,0.160000000000
026436,低钙腹膜透析液(乳酸盐-G1.5%),2019-01-27 00:00:00,2019,33064.000000,0.160000000000,0.160000000000
026436,低钙腹膜透析液(乳酸盐-G1.5%),2019-01-20 00:00:00,2019,36689.000000,0.160000000000,0.160000000000
026436,低钙腹膜透析液(乳酸盐-G1.5%),2019-01-13 00:00:00,2019,31675.000000,0.160000000000,0.160000000000
026436,低钙腹膜透析液(乳酸盐-G1.5%),2019-01-06 00:00:00,2019,17619.000000,0.160000000000,0.160000000000
026436,低钙腹膜透析液(乳酸盐-G1.5%),2018-12-30 00:00:00,2018,19178.000000,0.160000000000,0.160000000000
026436,低钙腹膜透析液(乳酸盐-G1.5%),2018-12-23 00:00:00,2018,27884.000000,0.160170454545,0.160170454545
026436,低钙腹膜透析液(乳酸盐-G1.5%),2018-12-16 00:00:00,2018,27829.000000,0.160000000000,0.160000000000
026436,低钙腹膜透析液(乳酸盐-G1.5%),2018-12-09 00:00:00,2018,24302.000000,0.160000000000,0.160000000000
026436,低钙腹膜透析液(乳酸盐-G1.5%),2018-12-02 00:00:00,2018,21862.000000,0.160000000000,0.160000000000
026436,低钙腹膜透析液(乳酸盐-G1.5%),2018-11-25 00:00:00,2018,22997.000000,0.160000000000,0.160000000000
026436,低钙腹膜透析液(乳酸盐-G1.5%),2018-11-18 00:00:00,2018,22680.000000,0.160000000000,0.160000000000
026436,低钙腹膜透析液(乳酸盐-G1.5%),2018-11-11 00:00:00,2018,33144.000000,0.160000000000,0.160000000000
026436,低钙腹膜透析液(乳酸盐-G1.5%),2018-11-04 00:00:00,2018,17686.000000,0.160000000000,0.160000000000
026436,低钙腹膜透析液(乳酸盐-G1.5%),2018-10-28 00:00:00,2018,22323.000000,0.160000000000,0.160000000000
026436,低钙腹膜透析液(乳酸盐-G1.5%),2018-10-21 00:00:00,2018,18762.000000,0.160000000000,0.160000000000
026436,低钙腹膜透析液(乳酸盐-G1.5%),2018-10-14 00:00:00,2018,32126.000000,0.160000000000,0.160000000000
026436,低钙腹膜透析液(乳酸盐-G1.5%),2018-09-30 00:00:00,2018,27294.000000,0.160000000000,0.160000000000
026436,低钙腹膜透析液(乳酸盐-G1.5%),2018-09-23 00:00:00,2018,27818.000000,0.160000000000,0.160000000000
026436,低钙腹膜透析液(乳酸盐-G1.5%),2018-09-16 00:00:00,2018,29346.000000,0.160000000000,0.160000000000
026436,低钙腹膜透析液(乳酸盐-G1.5%),2018-09-09 00:00:00,2018,24446.000000,0.160118343195,0.160118343195
026436,低钙腹膜透析液(乳酸盐-G1.5%),2018-09-02 00:00:00,2018,29979.000000,0.160084033613,0.160084033613
026436,低钙腹膜透析液(乳酸盐-G1.5%),2018-08-26 00:00:00,2018,16920.000000,0.160000000000,0.160000000000
026436,低钙腹膜透析液(乳酸盐-G1.5%),2018-08-19 00:00:00,2018,24831.000000,0.160000000000,0.160000000000
026436,低钙腹膜透析液(乳酸盐-G1.5%),2018-08-12 00:00:00,2018,21206.000000,0.160000000000,0.160000000000
026436,低钙腹膜透析液(乳酸盐-G1.5%),2018-08-05 00:00:00,2018,27037.000000,0.160000000000,0.088000000000
026436,低钙腹膜透析液(乳酸盐-G1.5%),2018-07-29 00:00:00,2018,25172.000000,0.160000000000,0E-12
026436,低钙腹膜透析液(乳酸盐-G1.5%),2018-07-22 00:00:00,2018,18163.000000,0.160170940171,0E-12
026436,低钙腹膜透析液(乳酸盐-G1.5%),2018-07-15 00:00:00,2018,21715.000000,0.160000000000,0E-12
026436,低钙腹膜透析液(乳酸盐-G1.5%),2018-07-08 00:00:00,2018,25646.000000,0.160138888889,0E-12
026436,低钙腹膜透析液(乳酸盐-G1.5%),2018-07-01 00:00:00,2018,21515.000000,0.160000000000,0E-12
026436,低钙腹膜透析液(乳酸盐-G1.5%),2018-06-24 00:00:00,2018,25512.000000,0.163750000000,0E-12
026436,低钙腹膜透析液(乳酸盐-G1.5%),2018-06-17 00:00:00,2018,15868.000000,0.169537037037,0E-12
026436,低钙腹膜透析液(乳酸盐-G1.5%),2018-06-10 00:00:00,2018,29000.000000,0.166942148760,0E-12
026436,低钙腹膜透析液(乳酸盐-G1.5%),2018-06-03 00:00:00,2018,20729.000000,0.165227272727,0E-12
026436,低钙腹膜透析液(乳酸盐-G1.5%),2018-05-27 00:00:00,2018,20247.000000,0.167807017544,0E-12
026436,低钙腹膜透析液(乳酸盐-G1.5%),2018-05-20 00:00:00,2018,25595.000000,0.169158878505,0E-12
026436,低钙腹膜透析液(乳酸盐-G1.5%),2018-05-13 00:00:00,2018,18512.000000,0.170000000000,0E-12
026436,低钙腹膜透析液(乳酸盐-G1.5%),2018-05-06 00:00:00,2018,18518.000000,0.170000000000,0E-12
026436,低钙腹膜透析液(乳酸盐-G1.5%),2018-04-29 00:00:00,2018,33794.000000,0.170000000000,0E-12
026436,低钙腹膜透析液(乳酸盐-G1.5%),2018-04-22 00:00:00,2018,10596.000000,0.170000000000,0E-12
026436,低钙腹膜透析液(乳酸盐-G1.5%),2018-04-15 00:00:00,2018,24806.000000,0.170000000000,0E-12
026436,低钙腹膜透析液(乳酸盐-G1.5%),2018-04-08 00:00:00,2018,19144.000000,0.170000000000,0E-12
026436,低钙腹膜透析液(乳酸盐-G1.5%),2018-04-01 00:00:00,2018,28986.000000,0.170000000000,0E-12
026436,低钙腹膜透析液(乳酸盐-G1.5%),2018-03-25 00:00:00,2018,16228.000000,0.170000000000,0E-12
026436,低钙腹膜透析液(乳酸盐-G1.5%),2018-03-18 00:00:00,2018,26431.000000,0.170000000000,0E-12
026436,低钙腹膜透析液(乳酸盐-G1.5%),2018-03-11 00:00:00,2018,17986.000000,0.170000000000,0E-12
026436,低钙腹膜透析液(乳酸盐-G1.5%),2018-03-04 00:00:00,2018,16017.000000,0.170000000000,0E-12
026436,低钙腹膜透析液(乳酸盐-G1.5%),2018-02-25 00:00:00,2018,7759.000000,0.170000000000,0E-12
026436,低钙腹膜透析液(乳酸盐-G1.5%),2018-02-18 00:00:00,2018,3174.000000,0.170000000000,0E-12
026436,低钙腹膜透析液(乳酸盐-G1.5%),2018-02-11 00:00:00,2018,40542.000000,0.170000000000,0E-12
026436,低钙腹膜透析液(乳酸盐-G1.5%),2018-02-04 00:00:00,2018,32629.000000,0.170000000000,0E-12
026436,低钙腹膜透析液(乳酸盐-G1.5%),2018-01-28 00:00:00,2018,25308.000000,0.170000000000,0E-12
026436,低钙腹膜透析液(乳酸盐-G1.5%),2018-01-21 00:00:00,2018,26572.000000,0.170000000000,0E-12
026436,低钙腹膜透析液(乳酸盐-G1.5%),2018-01-14 00:00:00,2018,18099.000000,0.170000000000,0E-12
026436,低钙腹膜透析液(乳酸盐-G1.5%),2018-01-07 00:00:00,2018,18438.000000,0.170000000000,0E-12
026436,低钙腹膜透析液(乳酸盐-G1.5%),2017-12-31 00:00:00,2017,20796.000000,0.170000000000,0E-12
026436,低钙腹膜透析液(乳酸盐-G1.5%),2017-12-24 00:00:00,2017,17919.000000,0.170000000000,0E-12
026436,低钙腹膜透析液(乳酸盐-G1.5%),2017-12-17 00:00:00,2017,22295.000000,0.170000000000,0E-12
026436,低钙腹膜透析液(乳酸盐-G1.5%),2017-12-10 00:00:00,2017,20658.000000,0.170000000000,0E-12
026436,低钙腹膜透析液(乳酸盐-G1.5%),2017-12-03 00:00:00,2017,19050.000000,0.170000000000,0E-12
026436,低钙腹膜透析液(乳酸盐-G1.5%),2017-11-26 00:00:00,2017,25691.000000,0.170000000000,0E-12
026436,低钙腹膜透析液(乳酸盐-G1.5%),2017-11-19 00:00:00,2017,16441.000000,0.170000000000,0E-12
026436,低钙腹膜透析液(乳酸盐-G1.5%),2017-11-12 00:00:00,2017,16095.000000,0.170000000000,0E-12
026436,低钙腹膜透析液(乳酸盐-G1.5%),2017-11-05 00:00:00,2017,20838.000000,0.170000000000,0E-12
026436,低钙腹膜透析液(乳酸盐-G1.5%),2017-10-29 00:00:00,2017,22938.000000,0.170000000000,0E-12
026436,低钙腹膜透析液(乳酸盐-G1.5%),2017-10-22 00:00:00,2017,18080.000000,0.170000000000,0E-12
026436,低钙腹膜透析液(乳酸盐-G1.5%),2017-10-15 00:00:00,2017,22806.000000,0.170000000000,0E-12
026436,低钙腹膜透析液(乳酸盐-G1.5%),2017-10-08 00:00:00,2017,240.000000,0.170000000000,0E-12
026436,低钙腹膜透析液(乳酸盐-G1.5%),2017-10-01 00:00:00,2017,24232.000000,0.170000000000,0E-12
026436,低钙腹膜透析液(乳酸盐-G1.5%),2017-09-24 00:00:00,2017,23537.000000,0.170000000000,0E-12
026436,低钙腹膜透析液(乳酸盐-G1.5%),2017-09-17 00:00:00,2017,27281.000000,0.170000000000,0E-12
026436,低钙腹膜透析液(乳酸盐-G1.5%),2017-09-10 00:00:00,2017,18584.000000,0.170000000000,0E-12
026436,低钙腹膜透析液(乳酸盐-G1.5%),2017-09-03 00:00:00,2017,15109.000000,0.170000000000,0E-12
026436,低钙腹膜透析液(乳酸盐-G1.5%),2017-08-27 00:00:00,2017,20380.000000,0.170000000000,0E-12
026436,低钙腹膜透析液(乳酸盐-G1.5%),2017-08-20 00:00:00,2017,18094.000000,0.170000000000,0E-12
026436,低钙腹膜透析液(乳酸盐-G1.5%),2017-08-13 00:00:00,2017,17268.000000,0.170000000000,0E-12
026436,低钙腹膜透析液(乳酸盐-G1.5%),2017-08-06 00:00:00,2017,19368.000000,0.170000000000,0E-12
026436,低钙腹膜透析液(乳酸盐-G1.5%),2017-07-30 00:00:00,2017,13596.000000,0.170000000000,0E-12
026436,低钙腹膜透析液(乳酸盐-G1.5%),2017-07-23 00:00:00,2017,20063.000000,0.170000000000,0E-12
026436,低钙腹膜透析液(乳酸盐-G1.5%),2017-07-16 00:00:00,2017,24011.000000,0.170000000000,0E-12
026436,低钙腹膜透析液(乳酸盐-G1.5%),2017-07-09 00:00:00,2017,21119.000000,0.170000000000,0E-12
026436,低钙腹膜透析液(乳酸盐-G1.5%),2017-07-02 00:00:00,2017,17734.000000,0.170000000000,0E-12
026436,低钙腹膜透析液(乳酸盐-G1.5%),2017-06-25 00:00:00,2017,20968.000000,0.170000000000,0E-12
026436,低钙腹膜透析液(乳酸盐-G1.5%),2017-06-18 00:00:00,2017,16359.000000,0.170000000000,0E-12
026436,低钙腹膜透析液(乳酸盐-G1.5%),2017-06-11 00:00:00,2017,18787.000000,0.170000000000,0E-12
026436,低钙腹膜透析液(乳酸盐-G1.5%),2017-06-04 00:00:00,2017,12250.000000,0.170000000000,0E-12
026436,低钙腹膜透析液(乳酸盐-G1.5%),2017-05-28 00:00:00,2017,19864.000000,0.170000000000,0E-12
026436,低钙腹膜透析液(乳酸盐-G1.5%),2017-05-21 00:00:00,2017,19526.000000,0.170000000000,0E-12
026436,低钙腹膜透析液(乳酸盐-G1.5%),2017-05-14 00:00:00,2017,13799.000000,0.170000000000,0E-12
026436,低钙腹膜透析液(乳酸盐-G1.5%),2017-05-07 00:00:00,2017,14787.000000,0.170000000000,0E-12
026436,低钙腹膜透析液(乳酸盐-G1.5%),2017-04-30 00:00:00,2017,29562.000000,0.170000000000,0E-12
026436,低钙腹膜透析液(乳酸盐-G1.5%),2017-04-23 00:00:00,2017,19920.000000,0.170000000000,0E-12
026436,低钙腹膜透析液(乳酸盐-G1.5%),2017-04-16 00:00:00,2017,11404.000000,0.170000000000,0E-12
026436,低钙腹膜透析液(乳酸盐-G1.5%),2017-04-09 00:00:00,2017,18168.000000,0.170000000000,0E-12
026436,低钙腹膜透析液(乳酸盐-G1.5%),2017-04-02 00:00:00,2017,14414.000000,0.170000000000,0E-12
026436,低钙腹膜透析液(乳酸盐-G1.5%),2017-03-26 00:00:00,2017,19770.000000,0.170000000000,0E-12
026436,低钙腹膜透析液(乳酸盐-G1.5%),2017-03-19 00:00:00,2017,18053.000000,0.170000000000,0E-12
026436,低钙腹膜透析液(乳酸盐-G1.5%),2017-03-12 00:00:00,2017,15720.000000,0.170000000000,0E-12
026436,低钙腹膜透析液(乳酸盐-G1.5%),2017-03-05 00:00:00,2017,15750.000000,0.170000000000,0E-12
026436,低钙腹膜透析液(乳酸盐-G1.5%),2017-02-26 00:00:00,2017,17171.000000,0.170000000000,0E-12
026436,低钙腹膜透析液(乳酸盐-G1.5%),2017-02-19 00:00:00,2017,22424.000000,0.170000000000,0E-12
026436,低钙腹膜透析液(乳酸盐-G1.5%),2017-02-12 00:00:00,2017,14146.000000,0.170000000000,0E-12
026436,低钙腹膜透析液(乳酸盐-G1.5%),2017-02-05 00:00:00,2017,5148.000000,0.170000000000,0E-12
026436,低钙腹膜透析液(乳酸盐-G1.5%),2017-01-29 00:00:00,2017,5368.000000,0.170000000000,0E-12
026436,低钙腹膜透析液(乳酸盐-G1.5%),2017-01-22 00:00:00,2017,26394.000000,0.170000000000,0E-12
026436,低钙腹膜透析液(乳酸盐-G1.5%),2017-01-15 00:00:00,2017,28561.000000,0.170000000000,0E-12
026436,低钙腹膜透析液(乳酸盐-G1.5%),2017-01-08 00:00:00,2017,15316.000000,0.170000000000,0E-12
026436,低钙腹膜透析液(乳酸盐-G1.5%),2017-01-01 00:00:00,2017,19428.000000,0.170000000000,0E-12
026436,低钙腹膜透析液(乳酸盐-G1.5%),2016-12-25 00:00:00,2016,15259.000000,0.170000000000,0E-12
026436,低钙腹膜透析液(乳酸盐-G1.5%),2016-12-18 00:00:00,2016,19968.000000,0.170000000000,0E-12
026436,低钙腹膜透析液(乳酸盐-G1.5%),2016-12-11 00:00:00,2016,14683.000000,0.170000000000,0E-12
026436,低钙腹膜透析液(乳酸盐-G1.5%),2016-12-04 00:00:00,2016,16416.000000,0.170000000000,0E-12
026436,低钙腹膜透析液(乳酸盐-G1.5%),2016-11-27 00:00:00,2016,17416.000000,0.170000000000,0E-12
026436,低钙腹膜透析液(乳酸盐-G1.5%),2016-11-20 00:00:00,2016,14207.000000,0.170000000000,0E-12
026436,低钙腹膜透析液(乳酸盐-G1.5%),2016-11-13 00:00:00,2016,20138.000000,0.170000000000,0E-12
026436,低钙腹膜透析液(乳酸盐-G1.5%),2016-11-06 00:00:00,2016,17491.000000,0.170000000000,0E-12
026436,低钙腹膜透析液(乳酸盐-G1.5%),2016-10-30 00:00:00,2016,14192.000000,0.170000000000,0E-12
026436,低钙腹膜透析液(乳酸盐-G1.5%),2016-10-23 00:00:00,2016,18008.000000,0.170000000000,0E-12
026436,低钙腹膜透析液(乳酸盐-G1.5%),2016-10-16 00:00:00,2016,15758.000000,0.170000000000,0E-12
026436,低钙腹膜透析液(乳酸盐-G1.5%),2016-10-09 00:00:00,2016,4967.000000,0.170000000000,0E-12
026436,低钙腹膜透析液(乳酸盐-G1.5%),2016-10-02 00:00:00,2016,23751.000000,0.170000000000,0E-12
026436,低钙腹膜透析液(乳酸盐-G1.5%),2016-09-25 00:00:00,2016,14676.000000,0.170000000000,0E-12
026436,低钙腹膜透析液(乳酸盐-G1.5%),2016-09-18 00:00:00,2016,13316.000000,0.170000000000,0E-12
026436,低钙腹膜透析液(乳酸盐-G1.5%),2016-09-11 00:00:00,2016,23276.000000,0.170000000000,0E-12
026436,低钙腹膜透析液(乳酸盐-G1.5%),2016-09-04 00:00:00,2016,15648.000000,0.170000000000,0E-12
026436,低钙腹膜透析液(乳酸盐-G1.5%),2016-08-28 00:00:00,2016,13064.000000,0.170000000000,0E-12
026436,低钙腹膜透析液(乳酸盐-G1.5%),2016-08-21 00:00:00,2016,15262.000000,0.170000000000,0E-12
026436,低钙腹膜透析液(乳酸盐-G1.5%),2016-08-14 00:00:00,2016,16872.000000,0.170000000000,0E-12
026436,低钙腹膜透析液(乳酸盐-G1.5%),2016-08-07 00:00:00,2016,16579.000000,0.170000000000,0E-12
026436,低钙腹膜透析液(乳酸盐-G1.5%),2016-07-31 00:00:00,2016,18062.000000,0.170000000000,0E-12
026436,低钙腹膜透析液(乳酸盐-G1.5%),2016-07-24 00:00:00,2016,15194.000000,0.170000000000,0E-12
026436,低钙腹膜透析液(乳酸盐-G1.5%),2016-07-17 00:00:00,2016,12151.000000,0.170000000000,0E-12
026436,低钙腹膜透析液(乳酸盐-G1.5%),2016-07-10 00:00:00,2016,17664.000000,0.170000000000,0E-12
026436,低钙腹膜透析液(乳酸盐-G1.5%),2016-07-03 00:00:00,2016,13289.000000,0.170000000000,0E-12
026436,低钙腹膜透析液(乳酸盐-G1.5%),2016-06-26 00:00:00,2016,20408.000000,0.170000000000,0E-12
026436,低钙腹膜透析液(乳酸盐-G1.5%),2016-06-19 00:00:00,2016,15666.000000,0.170000000000,0E-12
026436,低钙腹膜透析液(乳酸盐-G1.5%),2016-06-12 00:00:00,2016,14451.000000,0.170000000000,0E-12
026436,低钙腹膜透析液(乳酸盐-G1.5%),2016-06-05 00:00:00,2016,11704.000000,0.170000000000,0E-12
026436,低钙腹膜透析液(乳酸盐-G1.5%),2016-05-29 00:00:00,2016,15425.000000,0.170000000000,0E-12
026436,低钙腹膜透析液(乳酸盐-G1.5%),2016-05-22 00:00:00,2016,15852.000000,0.170000000000,0E-12
026436,低钙腹膜透析液(乳酸盐-G1.5%),2016-05-15 00:00:00,2016,15356.000000,0.170000000000,0E-12
026436,低钙腹膜透析液(乳酸盐-G1.5%),2016-05-08 00:00:00,2016,14482.000000,0.170000000000,0E-12
026436,低钙腹膜透析液(乳酸盐-G1.5%),2016-05-01 00:00:00,2016,17988.000000,0.170000000000,0E-12
026436,低钙腹膜透析液(乳酸盐-G1.5%),2016-04-24 00:00:00,2016,12694.000000,0.170000000000,0E-12
026436,低钙腹膜透析液(乳酸盐-G1.5%),2016-04-17 00:00:00,2016,16948.000000,0.170000000000,0E-12
026436,低钙腹膜透析液(乳酸盐-G1.5%),2016-04-10 00:00:00,2016,10064.000000,0.170000000000,0E-12
026436,低钙腹膜透析液(乳酸盐-G1.5%),2016-04-03 00:00:00,2016,16964.000000,0.170000000000,0E-12
026436,低钙腹膜透析液(乳酸盐-G1.5%),2016-03-27 00:00:00,2016,16098.000000,0.170000000000,0E-12
026436,低钙腹膜透析液(乳酸盐-G1.5%),2016-03-20 00:00:00,2016,11782.000000,0.170000000000,0E-12
026436,低钙腹膜透析液(乳酸盐-G1.5%),2016-03-13 00:00:00,2016,16869.000000,0.170000000000,0E-12
026436,低钙腹膜透析液(乳酸盐-G1.5%),2016-03-06 00:00:00,2016,17184.000000,0.170000000000,0E-12
026436,低钙腹膜透析液(乳酸盐-G1.5%),2016-02-28 00:00:00,2016,12351.000000,0.170000000000,0E-12
026436,低钙腹膜透析液(乳酸盐-G1.5%),2016-02-21 00:00:00,2016,10159.000000,0.170000000000,0E-12
026436,低钙腹膜透析液(乳酸盐-G1.5%),2016-02-14 00:00:00,2016,760.000000,0.170000000000,0E-12
026436,低钙腹膜透析液(乳酸盐-G1.5%),2016-02-07 00:00:00,2016,14619.000000,0.170000000000,0E-12
026436,低钙腹膜透析液(乳酸盐-G1.5%),2016-01-31 00:00:00,2016,21737.000000,0.170000000000,0E-12
026436,低钙腹膜透析液(乳酸盐-G1.5%),2016-01-24 00:00:00,2016,31791.000000,0.170000000000,0E-12
026436,低钙腹膜透析液(乳酸盐-G1.5%),2016-01-17 00:00:00,2016,20068.000000,0.170000000000,0E-12
026436,低钙腹膜透析液(乳酸盐-G1.5%),2016-01-10 00:00:00,2016,19701.000000,0.170000000000,0E-12
026436,低钙腹膜透析液(乳酸盐-G1.5%),2016-01-03 00:00:00,2016,13254.000000,0.170000000000,0E-12
026436,低钙腹膜透析液(乳酸盐-G1.5%),2015-12-27 00:00:00,2015,13554.000000,0.170000000000,0E-12
026436,低钙腹膜透析液(乳酸盐-G1.5%),2015-12-20 00:00:00,2015,17328.000000,0.170000000000,0E-12
026436,低钙腹膜透析液(乳酸盐-G1.5%),2015-12-13 00:00:00,2015,16260.000000,0.170000000000,0E-12
026436,低钙腹膜透析液(乳酸盐-G1.5%),2015-12-06 00:00:00,2015,18601.000000,0.170000000000,0E-12
026436,低钙腹膜透析液(乳酸盐-G1.5%),2015-11-29 00:00:00,2015,12586.000000,0.170000000000,0E-12
026436,低钙腹膜透析液(乳酸盐-G1.5%),2015-11-22 00:00:00,2015,13389.000000,0.170000000000,0E-12
026436,低钙腹膜透析液(乳酸盐-G1.5%),2015-11-15 00:00:00,2015,13407.000000,0.170000000000,0E-12
026436,低钙腹膜透析液(乳酸盐-G1.5%),2015-11-08 00:00:00,2015,18536.000000,0.170000000000,0E-12
026436,低钙腹膜透析液(乳酸盐-G1.5%),2015-11-01 00:00:00,2015,11722.000000,0.170000000000,0E-12
026436,低钙腹膜透析液(乳酸盐-G1.5%),2015-10-25 00:00:00,2015,15006.000000,0.170000000000,0E-12
026436,低钙腹膜透析液(乳酸盐-G1.5%),2015-10-18 00:00:00,2015,11606.000000,0.170000000000,0E-12
026436,低钙腹膜透析液(乳酸盐-G1.5%),2015-10-11 00:00:00,2015,17812.000000,0.170000000000,0E-12
026436,低钙腹膜透析液(乳酸盐-G1.5%),2015-10-04 00:00:00,2015,8360.000000,0.170000000000,0E-12
026436,低钙腹膜透析液(乳酸盐-G1.5%),2015-09-27 00:00:00,2015,32108.000000,0.170000000000,0E-12
026436,低钙腹膜透析液(乳酸盐-G1.5%),2015-09-20 00:00:00,2015,18855.000000,0.170000000000,0E-12
026436,低钙腹膜透析液(乳酸盐-G1.5%),2015-09-13 00:00:00,2015,20443.000000,0.170000000000,0E-12
026436,低钙腹膜透析液(乳酸盐-G1.5%),2015-09-06 00:00:00,2015,15736.000000,0.170000000000,0E-12
026436,低钙腹膜透析液(乳酸盐-G1.5%),2015-08-30 00:00:00,2015,10964.000000,0.170000000000,0E-12
026436,低钙腹膜透析液(乳酸盐-G1.5%),2015-08-23 00:00:00,2015,17158.000000,0.170000000000,0E-12
026436,低钙腹膜透析液(乳酸盐-G1.5%),2015-08-16 00:00:00,2015,12684.000000,0.170000000000,0E-12
026436,低钙腹膜透析液(乳酸盐-G1.5%),2015-08-09 00:00:00,2015,19263.000000,0.170000000000,0E-12
026436,低钙腹膜透析液(乳酸盐-G1.5%),2015-08-02 00:00:00,2015,12190.000000,0.170000000000,0E-12
026436,低钙腹膜透析液(乳酸盐-G1.5%),2015-07-26 00:00:00,2015,15612.000000,0.170000000000,0E-12
026436,低钙腹膜透析液(乳酸盐-G1.5%),2015-07-19 00:00:00,2015,11523.000000,0.170000000000,0E-12
026436,低钙腹膜透析液(乳酸盐-G1.5%),2015-07-12 00:00:00,2015,17340.000000,0.170000000000,0E-12
026436,低钙腹膜透析液(乳酸盐-G1.5%),2015-07-05 00:00:00,2015,16224.000000,0.170000000000,0E-12
026436,低钙腹膜透析液(乳酸盐-G1.5%),2015-06-28 00:00:00,2015,11316.000000,0.170000000000,0E-12
026436,低钙腹膜透析液(乳酸盐-G1.5%),2015-06-21 00:00:00,2015,31362.000000,0.170000000000,0E-12
026436,低钙腹膜透析液(乳酸盐-G1.5%),2015-06-14 00:00:00,2015,13712.000000,0.170000000000,0E-12
026436,低钙腹膜透析液(乳酸盐-G1.5%),2015-06-07 00:00:00,2015,17824.000000,0.170000000000,0E-12
026436,低钙腹膜透析液(乳酸盐-G1.5%),2015-05-31 00:00:00,2015,14701.000000,0.170000000000,0E-12
026436,低钙腹膜透析液(乳酸盐-G1.5%),2015-05-24 00:00:00,2015,17462.000000,0.170000000000,0E-12
026436,低钙腹膜透析液(乳酸盐-G1.5%),2015-05-17 00:00:00,2015,11170.000000,0.170000000000,0E-12
026436,低钙腹膜透析液(乳酸盐-G1.5%),2015-05-10 00:00:00,2015,15236.000000,0.170000000000,0E-12
026436,低钙腹膜透析液(乳酸盐-G1.5%),2015-05-03 00:00:00,2015,20642.000000,0.170000000000,0E-12
026436,低钙腹膜透析液(乳酸盐-G1.5%),2015-04-26 00:00:00,2015,11592.000000,0.170000000000,0E-12
026436,低钙腹膜透析液(乳酸盐-G1.5%),2015-04-19 00:00:00,2015,15225.000000,0.170000000000,0E-12
026436,低钙腹膜透析液(乳酸盐-G1.5%),2015-04-12 00:00:00,2015,13056.000000,0.170000000000,0E-12
026436,低钙腹膜透析液(乳酸盐-G1.5%),2015-04-05 00:00:00,2015,15828.000000,0.170000000000,0E-12
026436,低钙腹膜透析液(乳酸盐-G1.5%),2015-03-29 00:00:00,2015,13038.000000,0.170000000000,0E-12
026436,低钙腹膜透析液(乳酸盐-G1.5%),2015-03-22 00:00:00,2015,20782.000000,0.170000000000,0E-12
026436,低钙腹膜透析液(乳酸盐-G1.5%),2015-03-15 00:00:00,2015,14320.000000,0.170000000000,0E-12
026436,低钙腹膜透析液(乳酸盐-G1.5%),2015-03-08 00:00:00,2015,12142.000000,0.170000000000,0E-12
026436,低钙腹膜透析液(乳酸盐-G1.5%),2015-03-01 00:00:00,2015,6096.000000,0.170000000000,0E-12
026436,低钙腹膜透析液(乳酸盐-G1.5%),2015-02-22 00:00:00,2015,240.000000,0.170000000000,0E-12
026436,低钙腹膜透析液(乳酸盐-G1.5%),2015-02-15 00:00:00,2015,22833.000000,0.170000000000,0E-12
026436,低钙腹膜透析液(乳酸盐-G1.5%),2015-02-08 00:00:00,2015,28639.000000,0.170000000000,0E-12
026436,低钙腹膜透析液(乳酸盐-G1.5%),2015-02-01 00:00:00,2015,22076.000000,0.170000000000,0E-12
026436,低钙腹膜透析液(乳酸盐-G1.5%),2015-01-25 00:00:00,2015,17422.000000,0.170000000000,0E-12
026436,低钙腹膜透析液(乳酸盐-G1.5%),2015-01-18 00:00:00,2015,18626.000000,0.170000000000,0E-12
026436,低钙腹膜透析液(乳酸盐-G1.5%),2015-01-11 00:00:00,2015,10738.000000,0.170000000000,0E-12
026436,低钙腹膜透析液(乳酸盐-G1.5%),2015-01-04 00:00:00,2015,14312.000000,0.170000000000,0E-12
026436,低钙腹膜透析液(乳酸盐-G1.5%),2014-12-28 00:00:00,2014,12627.000000,0.170000000000,0E-12
026436,低钙腹膜透析液(乳酸盐-G1.5%),2014-12-21 00:00:00,2014,16784.000000,0.170000000000,0E-12
026436,低钙腹膜透析液(乳酸盐-G1.5%),2014-12-14 00:00:00,2014,14533.000000,0.170000000000,0E-12
026436,低钙腹膜透析液(乳酸盐-G1.5%),2014-12-07 00:00:00,2014,14552.000000,0.170000000000,0E-12
026436,低钙腹膜透析液(乳酸盐-G1.5%),2014-11-30 00:00:00,2014,19087.000000,0.170000000000,0E-12
026436,低钙腹膜透析液(乳酸盐-G1.5%),2014-11-23 00:00:00,2014,13200.000000,0.170000000000,0E-12
026436,低钙腹膜透析液(乳酸盐-G1.5%),2014-11-16 00:00:00,2014,13869.000000,0.170000000000,0E-12
026436,低钙腹膜透析液(乳酸盐-G1.5%),2014-11-09 00:00:00,2014,19923.000000,0.170000000000,0E-12
026436,低钙腹膜透析液(乳酸盐-G1.5%),2014-11-02 00:00:00,2014,13837.000000,0.170000000000,0E-12
026436,低钙腹膜透析液(乳酸盐-G1.5%),2014-10-26 00:00:00,2014,11985.000000,0.170000000000,0E-12
026436,低钙腹膜透析液(乳酸盐-G1.5%),2014-10-19 00:00:00,2014,14422.000000,0.170000000000,0E-12
026436,低钙腹膜透析液(乳酸盐-G1.5%),2014-10-12 00:00:00,2014,18126.000000,0.170000000000,0E-12
026436,低钙腹膜透析液(乳酸盐-G1.5%),2014-10-05 00:00:00,2014,4372.000000,0.170000000000,0E-12
026436,低钙腹膜透析液(乳酸盐-G1.5%),2014-09-28 00:00:00,2014,21593.000000,0.170000000000,0E-12
026436,低钙腹膜透析液(乳酸盐-G1.5%),2014-09-21 00:00:00,2014,12258.000000,0.170000000000,0E-12
026436,低钙腹膜透析液(乳酸盐-G1.5%),2014-09-14 00:00:00,2014,15429.000000,0.170000000000,0E-12
026436,低钙腹膜透析液(乳酸盐-G1.5%),2014-09-07 00:00:00,2014,16550.000000,0.170000000000,0E-12
026436,低钙腹膜透析液(乳酸盐-G1.5%),2014-08-31 00:00:00,2014,16584.000000,0.170000000000,0E-12
026436,低钙腹膜透析液(乳酸盐-G1.5%),2014-08-24 00:00:00,2014,10792.000000,0.170000000000,0E-12
026436,低钙腹膜透析液(乳酸盐-G1.5%),2014-08-17 00:00:00,2014,16283.000000,0.170000000000,0E-12
026436,低钙腹膜透析液(乳酸盐-G1.5%),2014-08-10 00:00:00,2014,13130.000000,0.170000000000,0E-12
026436,低钙腹膜透析液(乳酸盐-G1.5%),2014-08-03 00:00:00,2014,14569.000000,0.170000000000,0E-12
026436,低钙腹膜透析液(乳酸盐-G1.5%),2014-07-27 00:00:00,2014,14504.000000,0.170000000000,0E-12
026436,低钙腹膜透析液(乳酸盐-G1.5%),2014-07-20 00:00:00,2014,14820.000000,0.170000000000,0E-12
026436,低钙腹膜透析液(乳酸盐-G1.5%),2014-07-13 00:00:00,2014,13797.000000,0.170000000000,0E-12
026436,低钙腹膜透析液(乳酸盐-G1.5%),2014-07-06 00:00:00,2014,15860.000000,0.170000000000,0E-12
026436,低钙腹膜透析液(乳酸盐-G1.5%),2014-06-29 00:00:00,2014,12962.000000,0.170000000000,0E-12
026436,低钙腹膜透析液(乳酸盐-G1.5%),2014-06-22 00:00:00,2014,10109.000000,0.170000000000,0E-12
026436,低钙腹膜透析液(乳酸盐-G1.5%),2014-06-15 00:00:00,2014,14750.000000,0.170000000000,0E-12
026436,低钙腹膜透析液(乳酸盐-G1.5%),2014-06-08 00:00:00,2014,13238.000000,0.170000000000,0E-12
026436,低钙腹膜透析液(乳酸盐-G1.5%),2014-06-01 00:00:00,2014,16320.000000,0.170000000000,0E-12
026436,低钙腹膜透析液(乳酸盐-G1.5%),2014-05-25 00:00:00,2014,13584.000000,0.170000000000,0E-12
026436,低钙腹膜透析液(乳酸盐-G1.5%),2014-05-18 00:00:00,2014,10085.000000,0.170000000000,0E-12
026436,低钙腹膜透析液(乳酸盐-G1.5%),2014-05-11 00:00:00,2014,14454.000000,0.170000000000,0E-12
026436,低钙腹膜透析液(乳酸盐-G1.5%),2014-05-04 00:00:00,2014,11304.000000,0.170000000000,0E-12
026436,低钙腹膜透析液(乳酸盐-G1.5%),2014-04-27 00:00:00,2014,17065.000000,0.170000000000,0E-12
026436,低钙腹膜透析液(乳酸盐-G1.5%),2014-04-20 00:00:00,2014,13872.000000,0.170000000000,0E-12
026436,低钙腹膜透析液(乳酸盐-G1.5%),2014-04-13 00:00:00,2014,11074.000000,0.170000000000,0E-12
026436,低钙腹膜透析液(乳酸盐-G1.5%),2014-04-06 00:00:00,2014,8636.000000,0.170000000000,0E-12
026436,低钙腹膜透析液(乳酸盐-G1.5%),2014-03-30 00:00:00,2014,14659.000000,0.170000000000,0E-12
026436,低钙腹膜透析液(乳酸盐-G1.5%),2014-03-23 00:00:00,2014,10828.000000,0.170000000000,0E-12
026436,低钙腹膜透析液(乳酸盐-G1.5%),2014-03-16 00:00:00,2014,11682.000000,0.170000000000,0E-12
026436,低钙腹膜透析液(乳酸盐-G1.5%),2014-03-09 00:00:00,2014,14782.000000,0.170000000000,0E-12
026436,低钙腹膜透析液(乳酸盐-G1.5%),2014-03-02 00:00:00,2014,12250.000000,0.170000000000,0E-12
026436,低钙腹膜透析液(乳酸盐-G1.5%),2014-02-23 00:00:00,2014,10712.000000,0.170000000000,0E-12
026436,低钙腹膜透析液(乳酸盐-G1.5%),2014-02-16 00:00:00,2014,12396.000000,0.170000000000,0E-12
026436,低钙腹膜透析液(乳酸盐-G1.5%),2014-02-09 00:00:00,2014,2190.000000,0.170000000000,0E-12
026436,低钙腹膜透析液(乳酸盐-G1.5%),2014-02-02 00:00:00,2014,1528.000000,0.170000000000,0E-12
026436,低钙腹膜透析液(乳酸盐-G1.5%),2014-01-26 00:00:00,2014,18991.000000,0.170000000000,0E-12
026436,低钙腹膜透析液(乳酸盐-G1.5%),2014-01-19 00:00:00,2014,17301.000000,0.170000000000,0E-12
026436,低钙腹膜透析液(乳酸盐-G1.5%),2014-01-12 00:00:00,2014,17621.000000,0.170000000000,0E-12
026436,低钙腹膜透析液(乳酸盐-G1.5%),2014-01-05 00:00:00,2014,11764.000000,0.170000000000,0E-12
026436,低钙腹膜透析液(乳酸盐-G1.5%),2013-12-29 00:00:00,2013,14063.000000,0.170000000000,0E-12
026436,低钙腹膜透析液(乳酸盐-G1.5%),2013-12-22 00:00:00,2013,9076.000000,0.170000000000,0E-12
026436,低钙腹膜透析液(乳酸盐-G1.5%),2013-12-15 00:00:00,2013,14538.000000,0.170000000000,0E-12
026436,低钙腹膜透析液(乳酸盐-G1.5%),2013-12-08 00:00:00,2013,13626.000000,0.170000000000,0E-12
026436,低钙腹膜透析液(乳酸盐-G1.5%),2013-12-01 00:00:00,2013,7876.000000,0.170000000000,0E-12
026436,低钙腹膜透析液(乳酸盐-G1.5%),2013-11-24 00:00:00,2013,12780.000000,0.170000000000,0E-12
026436,低钙腹膜透析液(乳酸盐-G1.5%),2013-11-17 00:00:00,2013,11270.000000,0.170000000000,0E-12
026436,低钙腹膜透析液(乳酸盐-G1.5%),2013-11-10 00:00:00,2013,12070.000000,0.170000000000,0E-12
026436,低钙腹膜透析液(乳酸盐-G1.5%),2013-11-03 00:00:00,2013,11006.000000,0.170000000000,0E-12
026436,低钙腹膜透析液(乳酸盐-G1.5%),2013-10-27 00:00:00,2013,12230.000000,0.170000000000,0E-12
026436,低钙腹膜透析液(乳酸盐-G1.5%),2013-10-20 00:00:00,2013,10639.000000,0.170000000000,0E-12
026436,低钙腹膜透析液(乳酸盐-G1.5%),2013-10-13 00:00:00,2013,14138.000000,0.170000000000,0E-12
026436,低钙腹膜透析液(乳酸盐-G1.5%),2013-10-06 00:00:00,2013,440.000000,0.170000000000,0E-12
026436,低钙腹膜透析液(乳酸盐-G1.5%),2013-09-29 00:00:00,2013,19088.000000,0.170000000000,0E-12
026436,低钙腹膜透析液(乳酸盐-G1.5%),2013-09-22 00:00:00,2013,12889.000000,0.170000000000,0E-12
026436,低钙腹膜透析液(乳酸盐-G1.5%),2013-09-15 00:00:00,2013,9496.000000,0.170000000000,0E-12
026436,低钙腹膜透析液(乳酸盐-G1.5%),2013-09-08 00:00:00,2013,11938.000000,0.170000000000,0E-12
026436,低钙腹膜透析液(乳酸盐-G1.5%),2013-09-01 00:00:00,2013,10614.000000,0.170000000000,0E-12
026436,低钙腹膜透析液(乳酸盐-G1.5%),2013-08-25 00:00:00,2013,8254.000000,0.170000000000,0E-12
026436,低钙腹膜透析液(乳酸盐-G1.5%),2013-08-18 00:00:00,2013,13187.000000,0.170000000000,0E-12
026436,低钙腹膜透析液(乳酸盐-G1.5%),2013-08-11 00:00:00,2013,10666.000000,0.170000000000,0E-12
026436,低钙腹膜透析液(乳酸盐-G1.5%),2013-08-04 00:00:00,2013,12006.000000,0.170000000000,0E-12
026436,低钙腹膜透析液(乳酸盐-G1.5%),2013-07-28 00:00:00,2013,8733.000000,0.170000000000,0E-12
026436,低钙腹膜透析液(乳酸盐-G1.5%),2013-07-21 00:00:00,2013,9194.000000,0.170000000000,0E-12
026436,低钙腹膜透析液(乳酸盐-G1.5%),2013-07-14 00:00:00,2013,10500.000000,0.170000000000,0E-12
026436,低钙腹膜透析液(乳酸盐-G1.5%),2013-07-07 00:00:00,2013,13950.000000,0.170000000000,0E-12
026436,低钙腹膜透析液(乳酸盐-G1.5%),2013-06-30 00:00:00,2013,10862.000000,0.170000000000,0E-12
026436,低钙腹膜透析液(乳酸盐-G1.5%),2013-06-23 00:00:00,2013,10266.000000,0.170000000000,0E-12
026436,低钙腹膜透析液(乳酸盐-G1.5%),2013-06-16 00:00:00,2013,5543.000000,0.170000000000,0E-12
026436,低钙腹膜透析液(乳酸盐-G1.5%),2013-06-09 00:00:00,2013,14036.000000,0.170000000000,0E-12
026436,低钙腹膜透析液(乳酸盐-G1.5%),2013-06-02 00:00:00,2013,10437.000000,0.170000000000,0E-12
026436,低钙腹膜透析液(乳酸盐-G1.5%),2013-05-26 00:00:00,2013,11426.000000,0.170000000000,0E-12
026436,低钙腹膜透析液(乳酸盐-G1.5%),2013-05-19 00:00:00,2013,9246.000000,0.170000000000,0E-12
026436,低钙腹膜透析液(乳酸盐-G1.5%),2013-05-12 00:00:00,2013,8788.000000,0.170000000000,0E-12
026436,低钙腹膜透析液(乳酸盐-G1.5%),2013-05-05 00:00:00,2013,8026.000000,0.170000000000,0E-12
026436,低钙腹膜透析液(乳酸盐-G1.5%),2013-04-28 00:00:00,2013,19897.000000,0.170000000000,0E-12
026436,低钙腹膜透析液(乳酸盐-G1.5%),2013-04-21 00:00:00,2013,9098.000000,0.170000000000,0E-12
026436,低钙腹膜透析液(乳酸盐-G1.5%),2013-04-14 00:00:00,2013,8260.000000,0.170000000000,0E-12
026436,低钙腹膜透析液(乳酸盐-G1.5%),2013-04-07 00:00:00,2013,10741.000000,0.170000000000,0E-12
026436,低钙腹膜透析液(乳酸盐-G1.5%),2013-03-31 00:00:00,2013,10900.000000,0.170000000000,0E-12
026436,低钙腹膜透析液(乳酸盐-G1.5%),2013-03-24 00:00:00,2013,9642.000000,0.170000000000,0E-12
026436,低钙腹膜透析液(乳酸盐-G1.5%),2013-03-17 00:00:00,2013,9144.000000,0.170000000000,0E-12
026436,低钙腹膜透析液(乳酸盐-G1.5%),2013-03-10 00:00:00,2013,10205.000000,0.170000000000,0E-12
026436,低钙腹膜透析液(乳酸盐-G1.5%),2013-03-03 00:00:00,2013,12094.000000,0.170000000000,0E-12
026436,低钙腹膜透析液(乳酸盐-G1.5%),2013-02-24 00:00:00,2013,4651.000000,0.170000000000,0E-12
026436,低钙腹膜透析液(乳酸盐-G1.5%),2013-02-17 00:00:00,2013,2285.000000,0.170000000000,0E-12
026436,低钙腹膜透析液(乳酸盐-G1.5%),2013-02-10 00:00:00,2013,8806.000000,0.170000000000,0E-12
026436,低钙腹膜透析液(乳酸盐-G1.5%),2013-02-03 00:00:00,2013,14578.000000,0.170000000000,0E-12
026436,低钙腹膜透析液(乳酸盐-G1.5%),2013-01-27 00:00:00,2013,12423.000000,0.170000000000,0E-12
026436,低钙腹膜透析液(乳酸盐-G1.5%),2013-01-20 00:00:00,2013,13967.000000,0.170000000000,0E-12
026436,低钙腹膜透析液(乳酸盐-G1.5%),2013-01-13 00:00:00,2013,8354.000000,0.170000000000,0E-12
026436,低钙腹膜透析液(乳酸盐-G1.5%),2013-01-06 00:00:00,2013,10896.000000,0.170000000000,0E-12
026436,低钙腹膜透析液(乳酸盐-G1.5%),2012-12-30 00:00:00,2012,12352.000000,0.170000000000,0E-12
026436,低钙腹膜透析液(乳酸盐-G1.5%),2012-12-23 00:00:00,2012,9564.000000,0.170000000000,0E-12
026436,低钙腹膜透析液(乳酸盐-G1.5%),2012-12-16 00:00:00,2012,9176.000000,0.170000000000,0E-12
026436,低钙腹膜透析液(乳酸盐-G1.5%),2012-12-09 00:00:00,2012,8972.000000,0.170000000000,0E-12
026436,低钙腹膜透析液(乳酸盐-G1.5%),2012-12-02 00:00:00,2012,11196.000000,0.170000000000,0E-12
026436,低钙腹膜透析液(乳酸盐-G1.5%),2012-11-25 00:00:00,2012,9076.000000,0.170000000000,0E-12
026436,低钙腹膜透析液(乳酸盐-G1.5%),2012-11-18 00:00:00,2012,11340.000000,0.170000000000,0E-12
026436,低钙腹膜透析液(乳酸盐-G1.5%),2012-11-11 00:00:00,2012,8546.000000,0.170000000000,0E-12
026436,低钙腹膜透析液(乳酸盐-G1.5%),2012-11-04 00:00:00,2012,7898.000000,0.170000000000,0E-12
026436,低钙腹膜透析液(乳酸盐-G1.5%),2012-10-28 00:00:00,2012,11378.000000,0.170000000000,0E-12
026436,低钙腹膜透析液(乳酸盐-G1.5%),2012-10-21 00:00:00,2012,6660.000000,0.170000000000,0E-12
026436,低钙腹膜透析液(乳酸盐-G1.5%),2012-10-14 00:00:00,2012,9449.000000,0.170000000000,0E-12
026436,低钙腹膜透析液(乳酸盐-G1.5%),2012-09-30 00:00:00,2012,14139.000000,0.170000000000,0E-12
026436,低钙腹膜透析液(乳酸盐-G1.5%),2012-09-23 00:00:00,2012,8611.000000,0.170000000000,0E-12
026436,低钙腹膜透析液(乳酸盐-G1.5%),2012-09-16 00:00:00,2012,9608.000000,0.170000000000,0E-12
026436,低钙腹膜透析液(乳酸盐-G1.5%),2012-09-09 00:00:00,2012,9278.000000,0.170000000000,0E-12
026436,低钙腹膜透析液(乳酸盐-G1.5%),2012-09-02 00:00:00,2012,8461.000000,0.170000000000,0E-12
026436,低钙腹膜透析液(乳酸盐-G1.5%),2012-08-26 00:00:00,2012,9158.000000,0.170000000000,0E-12
026436,低钙腹膜透析液(乳酸盐-G1.5%),2012-08-19 00:00:00,2012,7732.000000,0.170000000000,0E-12
026436,低钙腹膜透析液(乳酸盐-G1.5%),2012-08-12 00:00:00,2012,8662.000000,0.170000000000,0E-12
026436,低钙腹膜透析液(乳酸盐-G1.5%),2012-08-05 00:00:00,2012,6220.000000,0.170000000000,0E-12
026436,低钙腹膜透析液(乳酸盐-G1.5%),2012-07-29 00:00:00,2012,7021.000000,0.170000000000,0E-12
026436,低钙腹膜透析液(乳酸盐-G1.5%),2012-07-22 00:00:00,2012,8880.000000,0.170000000000,0E-12
026436,低钙腹膜透析液(乳酸盐-G1.5%),2012-07-15 00:00:00,2012,6848.000000,0.170000000000,0E-12
026436,低钙腹膜透析液(乳酸盐-G1.5%),2012-07-08 00:00:00,2012,7902.000000,0.170000000000,0E-12
026436,低钙腹膜透析液(乳酸盐-G1.5%),2012-07-01 00:00:00,2012,9276.000000,0.170000000000,0E-12
026436,低钙腹膜透析液(乳酸盐-G1.5%),2012-06-24 00:00:00,2012,5720.000000,0.170000000000,0E-12
026436,低钙腹膜透析液(乳酸盐-G1.5%),2012-06-17 00:00:00,2012,9918.000000,0.170000000000,0E-12
026436,低钙腹膜透析液(乳酸盐-G1.5%),2012-06-10 00:00:00,2012,7128.000000,0.170000000000,0E-12
026436,低钙腹膜透析液(乳酸盐-G1.5%),2012-06-03 00:00:00,2012,8652.000000,0.170000000000,0E-12
026436,低钙腹膜透析液(乳酸盐-G1.5%),2012-05-27 00:00:00,2012,7055.000000,0.170000000000,0E-12
026436,低钙腹膜透析液(乳酸盐-G1.5%),2012-05-20 00:00:00,2012,7662.000000,0.170000000000,0E-12
026436,低钙腹膜透析液(乳酸盐-G1.5%),2012-05-13 00:00:00,2012,7062.000000,0.170000000000,0E-12
026436,低钙腹膜透析液(乳酸盐-G1.5%),2012-05-06 00:00:00,2012,5275.000000,0.170000000000,0E-12
026436,低钙腹膜透析液(乳酸盐-G1.5%),2012-04-29 00:00:00,2012,8144.000000,0.170000000000,0E-12
026436,低钙腹膜透析液(乳酸盐-G1.5%),2012-04-22 00:00:00,2012,6546.000000,0.170000000000,0E-12
026436,低钙腹膜透析液(乳酸盐-G1.5%),2012-04-15 00:00:00,2012,10302.000000,0.170000000000,0E-12
026436,低钙腹膜透析液(乳酸盐-G1.5%),2012-04-08 00:00:00,2012,3921.000000,0.170000000000,0E-12
026436,低钙腹膜透析液(乳酸盐-G1.5%),2012-04-01 00:00:00,2012,10991.000000,0.170000000000,0E-12
026436,低钙腹膜透析液(乳酸盐-G1.5%),2012-03-25 00:00:00,2012,5672.000000,0.170000000000,0E-12
026436,低钙腹膜透析液(乳酸盐-G1.5%),2012-03-18 00:00:00,2012,7775.000000,0.170000000000,0E-12
026436,低钙腹膜透析液(乳酸盐-G1.5%),2012-03-11 00:00:00,2012,8253.000000,0.170000000000,0E-12
026436,低钙腹膜透析液(乳酸盐-G1.5%),2012-03-04 00:00:00,2012,5032.000000,0.170000000000,0E-12
026436,低钙腹膜透析液(乳酸盐-G1.5%),2012-02-26 00:00:00,2012,4460.000000,0.170000000000,0E-12
026436,低钙腹膜透析液(乳酸盐-G1.5%),2012-02-19 00:00:00,2012,8513.000000,0.170000000000,0E-12
026436,低钙腹膜透析液(乳酸盐-G1.5%),2012-02-12 00:00:00,2012,5603.000000,0.170000000000,0E-12
026436,低钙腹膜透析液(乳酸盐-G1.5%),2012-02-05 00:00:00,2012,4424.000000,0.170000000000,0E-12
026436,低钙腹膜透析液(乳酸盐-G1.5%),2012-01-29 00:00:00,2012,120.000000,0.170000000000,0E-12
026436,低钙腹膜透析液(乳酸盐-G1.5%),2012-01-22 00:00:00,2012,5504.000000,0.170000000000,0E-12
026436,低钙腹膜透析液(乳酸盐-G1.5%),2012-01-15 00:00:00,2012,12782.000000,0.170000000000,0E-12
026436,低钙腹膜透析液(乳酸盐-G1.5%),2012-01-08 00:00:00,2012,9963.000000,0.170000000000,0E-12
026436,低钙腹膜透析液(乳酸盐-G1.5%),2012-01-01 00:00:00,2012,8174.000000,0.170000000000,0E-12
026436,低钙腹膜透析液(乳酸盐-G1.5%),2011-12-25 00:00:00,2011,4216.000000,0.170000000000,0E-12
026436,低钙腹膜透析液(乳酸盐-G1.5%),2011-12-18 00:00:00,2011,8568.000000,0.170000000000,0E-12
026436,低钙腹膜透析液(乳酸盐-G1.5%),2011-12-11 00:00:00,2011,4697.000000,0.170000000000,0E-12
026436,低钙腹膜透析液(乳酸盐-G1.5%),2011-12-04 00:00:00,2011,6989.000000,0.170000000000,0E-12
026436,低钙腹膜透析液(乳酸盐-G1.5%),2011-11-27 00:00:00,2011,4051.000000,0.170000000000,0E-12
026436,低钙腹膜透析液(乳酸盐-G1.5%),2011-11-20 00:00:00,2011,6118.000000,0.170000000000,0E-12
026436,低钙腹膜透析液(乳酸盐-G1.5%),2011-11-13 00:00:00,2011,6394.000000,0.170000000000,0E-12
026436,低钙腹膜透析液(乳酸盐-G1.5%),2011-11-06 00:00:00,2011,6419.000000,0.170000000000,0E-12
026436,低钙腹膜透析液(乳酸盐-G1.5%),2011-10-30 00:00:00,2011,7774.000000,0.170000000000,0E-12
026436,低钙腹膜透析液(乳酸盐-G1.5%),2011-10-23 00:00:00,2011,4682.000000,0.170000000000,0E-12
026436,低钙腹膜透析液(乳酸盐-G1.5%),2011-10-16 00:00:00,2011,5624.000000,0.170000000000,0E-12
026436,低钙腹膜透析液(乳酸盐-G1.5%),2011-10-09 00:00:00,2011,4218.000000,0.170000000000,0E-12
026436,低钙腹膜透析液(乳酸盐-G1.5%),2011-10-02 00:00:00,2011,8923.000000,0.170000000000,0E-12
026436,低钙腹膜透析液(乳酸盐-G1.5%),2011-09-25 00:00:00,2011,4450.000000,0.170000000000,0E-12
026436,低钙腹膜透析液(乳酸盐-G1.5%),2011-09-18 00:00:00,2011,4306.000000,0.170000000000,0E-12
026436,低钙腹膜透析液(乳酸盐-G1.5%),2011-09-11 00:00:00,2011,6672.000000,0.170000000000,0E-12
026436,低钙腹膜透析液(乳酸盐-G1.5%),2011-09-04 00:00:00,2011,7488.000000,0.170000000000,0E-12
026436,低钙腹膜透析液(乳酸盐-G1.5%),2011-08-28 00:00:00,2011,7558.000000,0.170000000000,0E-12
026436,低钙腹膜透析液(乳酸盐-G1.5%),2011-08-21 00:00:00,2011,4656.000000,0.170000000000,0E-12
026436,低钙腹膜透析液(乳酸盐-G1.5%),2011-08-14 00:00:00,2011,4954.000000,0.170000000000,0E-12
026436,低钙腹膜透析液(乳酸盐-G1.5%),2011-08-07 00:00:00,2011,5150.000000,0.170000000000,0E-12
026436,低钙腹膜透析液(乳酸盐-G1.5%),2011-07-31 00:00:00,2011,5996.000000,0.170000000000,0E-12
026436,低钙腹膜透析液(乳酸盐-G1.5%),2011-07-24 00:00:00,2011,5333.000000,0.170000000000,0E-12
026436,低钙腹膜透析液(乳酸盐-G1.5%),2011-07-17 00:00:00,2011,5456.000000,0.170000000000,0E-12
026436,低钙腹膜透析液(乳酸盐-G1.5%),2011-07-10 00:00:00,2011,6936.000000,0.170000000000,0E-12
026436,低钙腹膜透析液(乳酸盐-G1.5%),2011-07-03 00:00:00,2011,4420.000000,0.170000000000,0E-12
026436,低钙腹膜透析液(乳酸盐-G1.5%),2011-06-26 00:00:00,2011,6641.000000,0.170000000000,0E-12
026436,低钙腹膜透析液(乳酸盐-G1.5%),2011-06-19 00:00:00,2011,5057.000000,0.170000000000,0E-12
026436,低钙腹膜透析液(乳酸盐-G1.5%),2011-06-12 00:00:00,2011,3508.000000,0.170000000000,0E-12
026436,低钙腹膜透析液(乳酸盐-G1.5%),2011-06-05 00:00:00,2011,5372.000000,0.170000000000,0E-12
026436,低钙腹膜透析液(乳酸盐-G1.5%),2011-05-29 00:00:00,2011,5424.000000,0.170000000000,0E-12
026436,低钙腹膜透析液(乳酸盐-G1.5%),2011-05-22 00:00:00,2011,5856.000000,0.170000000000,0E-12
026436,低钙腹膜透析液(乳酸盐-G1.5%),2011-05-15 00:00:00,2011,7455.000000,0.170000000000,0E-12
026436,低钙腹膜透析液(乳酸盐-G1.5%),2011-05-08 00:00:00,2011,4152.000000,0.170000000000,0E-12
026436,低钙腹膜透析液(乳酸盐-G1.5%),2011-05-01 00:00:00,2011,6268.000000,0.170000000000,0E-12
026436,低钙腹膜透析液(乳酸盐-G1.5%),2011-04-24 00:00:00,2011,4662.000000,0.170000000000,0E-12
026436,低钙腹膜透析液(乳酸盐-G1.5%),2011-04-17 00:00:00,2011,6413.000000,0.170000000000,0E-12
026436,低钙腹膜透析液(乳酸盐-G1.5%),2011-04-10 00:00:00,2011,3088.000000,0.170000000000,0E-12
026436,低钙腹膜透析液(乳酸盐-G1.5%),2011-04-03 00:00:00,2011,6487.000000,0.170000000000,0E-12
026436,低钙腹膜透析液(乳酸盐-G1.5%),2011-03-27 00:00:00,2011,6036.000000,0.170000000000,0E-12
026436,低钙腹膜透析液(乳酸盐-G1.5%),2011-03-20 00:00:00,2011,6172.000000,0.170000000000,0E-12
026436,低钙腹膜透析液(乳酸盐-G1.5%),2011-03-13 00:00:00,2011,5682.000000,0.170000000000,0E-12
026436,低钙腹膜透析液(乳酸盐-G1.5%),2011-03-06 00:00:00,2011,5908.000000,0.170000000000,0E-12
026436,低钙腹膜透析液(乳酸盐-G1.5%),2011-02-27 00:00:00,2011,5432.000000,0.170000000000,0E-12
026436,低钙腹膜透析液(乳酸盐-G1.5%),2011-02-20 00:00:00,2011,5501.000000,0.170000000000,0E-12
026436,低钙腹膜透析液(乳酸盐-G1.5%),2011-02-13 00:00:00,2011,3600.000000,0.170000000000,0E-12
026436,低钙腹膜透析液(乳酸盐-G1.5%),2011-02-06 00:00:00,2011,208.000000,0.170000000000,0E-12
026436,低钙腹膜透析液(乳酸盐-G1.5%),2011-01-30 00:00:00,2011,7216.000000,0.170000000000,0E-12
026436,低钙腹膜透析液(乳酸盐-G1.5%),2011-01-23 00:00:00,2011,7894.000000,0.170000000000,0E-12
026436,低钙腹膜透析液(乳酸盐-G1.5%),2011-01-16 00:00:00,2011,7668.000000,0.170000000000,0E-12
026436,低钙腹膜透析液(乳酸盐-G1.5%),2011-01-09 00:00:00,2011,8940.000000,0.170000000000,0E-12
026436,低钙腹膜透析液(乳酸盐-G1.5%),2011-01-02 00:00:00,2011,5292.000000,0.170000000000,0E-12
026436,低钙腹膜透析液(乳酸盐-G1.5%),2010-12-26 00:00:00,2010,7791.000000,0.170000000000,0E-12
026436,低钙腹膜透析液(乳酸盐-G1.5%),2010-12-19 00:00:00,2010,5389.000000,0.170000000000,0E-12
026436,低钙腹膜透析液(乳酸盐-G1.5%),2010-12-12 00:00:00,2010,6340.000000,0.170000000000,0E-12
026436,低钙腹膜透析液(乳酸盐-G1.5%),2010-12-05 00:00:00,2010,5457.000000,0.170000000000,0E-12
026436,低钙腹膜透析液(乳酸盐-G1.5%),2010-11-28 00:00:00,2010,4775.000000,0.170000000000,0E-12
026436,低钙腹膜透析液(乳酸盐-G1.5%),2010-11-21 00:00:00,2010,6210.000000,0.170000000000,0E-12
026436,低钙腹膜透析液(乳酸盐-G1.5%),2010-11-14 00:00:00,2010,5486.000000,0.170000000000,0E-12
026436,低钙腹膜透析液(乳酸盐-G1.5%),2010-11-07 00:00:00,2010,4119.000000,0.170000000000,0E-12
026436,低钙腹膜透析液(乳酸盐-G1.5%),2010-10-31 00:00:00,2010,5037.000000,0.170000000000,0E-12
026436,低钙腹膜透析液(乳酸盐-G1.5%),2010-10-24 00:00:00,2010,6084.000000,0.170000000000,0E-12
026436,低钙腹膜透析液(乳酸盐-G1.5%),2010-10-17 00:00:00,2010,7998.000000,0.170000000000,0E-12
026436,低钙腹膜透析液(乳酸盐-G1.5%),2010-10-10 00:00:00,2010,2442.000000,0.170000000000,0E-12
026436,低钙腹膜透析液(乳酸盐-G1.5%),2010-10-03 00:00:00,2010,4836.000000,0.170000000000,0E-12
026436,低钙腹膜透析液(乳酸盐-G1.5%),2010-09-26 00:00:00,2010,4206.000000,0.170000000000,0E-12
026436,低钙腹膜透析液(乳酸盐-G1.5%),2010-09-19 00:00:00,2010,8973.000000,0.170000000000,0E-12
026436,低钙腹膜透析液(乳酸盐-G1.5%),2010-09-12 00:00:00,2010,6764.000000,0.170000000000,0E-12
026436,低钙腹膜透析液(乳酸盐-G1.5%),2010-09-05 00:00:00,2010,6742.000000,0.170000000000,0E-12
026436,低钙腹膜透析液(乳酸盐-G1.5%),2010-08-29 00:00:00,2010,3315.000000,0.170000000000,0E-12
026436,低钙腹膜透析液(乳酸盐-G1.5%),2010-08-22 00:00:00,2010,4820.000000,0.170000000000,0E-12
026436,低钙腹膜透析液(乳酸盐-G1.5%),2010-08-15 00:00:00,2010,6638.000000,0.170000000000,0E-12
026436,低钙腹膜透析液(乳酸盐-G1.5%),2010-08-08 00:00:00,2010,6972.000000,0.170000000000,0E-12
026436,低钙腹膜透析液(乳酸盐-G1.5%),2010-08-01 00:00:00,2010,5307.000000,0.170000000000,0E-12
026436,低钙腹膜透析液(乳酸盐-G1.5%),2010-07-25 00:00:00,2010,4368.000000,0.170000000000,0E-12
026436,低钙腹膜透析液(乳酸盐-G1.5%),2010-07-18 00:00:00,2010,5172.000000,0.170000000000,0E-12
026436,低钙腹膜透析液(乳酸盐-G1.5%),2010-07-11 00:00:00,2010,5584.000000,0.170000000000,0E-12
026436,低钙腹膜透析液(乳酸盐-G1.5%),2010-07-04 00:00:00,2010,6094.000000,0.170000000000,0E-12
026436,低钙腹膜透析液(乳酸盐-G1.5%),2010-06-27 00:00:00,2010,6948.000000,0.170000000000,0E-12
026436,低钙腹膜透析液(乳酸盐-G1.5%),2010-06-20 00:00:00,2010,1476.000000,0.170000000000,0E-12
026436,低钙腹膜透析液(乳酸盐-G1.5%),2010-06-13 00:00:00,2010,5818.000000,0.170000000000,0E-12
026436,低钙腹膜透析液(乳酸盐-G1.5%),2010-06-06 00:00:00,2010,4817.000000,0.170000000000,0E-12
026436,低钙腹膜透析液(乳酸盐-G1.5%),2010-05-30 00:00:00,2010,7813.000000,0.170000000000,0E-12
026436,低钙腹膜透析液(乳酸盐-G1.5%),2010-05-23 00:00:00,2010,5614.000000,0.170000000000,0E-12
026436,低钙腹膜透析液(乳酸盐-G1.5%),2010-05-16 00:00:00,2010,6233.000000,0.170000000000,0E-12
026436,低钙腹膜透析液(乳酸盐-G1.5%),2010-05-09 00:00:00,2010,3506.000000,0.170000000000,0E-12
026436,低钙腹膜透析液(乳酸盐-G1.5%),2010-05-02 00:00:00,2010,6669.000000,0.170000000000,0E-12
026436,低钙腹膜透析液(乳酸盐-G1.5%),2010-04-25 00:00:00,2010,5073.000000,0.170000000000,0E-12
026436,低钙腹膜透析液(乳酸盐-G1.5%),2010-04-18 00:00:00,2010,4134.000000,0.170000000000,0E-12
026436,低钙腹膜透析液(乳酸盐-G1.5%),2010-04-11 00:00:00,2010,7292.000000,0.170000000000,0E-12
026436,低钙腹膜透析液(乳酸盐-G1.5%),2010-04-04 00:00:00,2010,4840.000000,0.170000000000,0E-12
026436,低钙腹膜透析液(乳酸盐-G1.5%),2010-03-28 00:00:00,2010,3463.000000,0.170000000000,0E-12
026436,低钙腹膜透析液(乳酸盐-G1.5%),2010-03-21 00:00:00,2010,7209.000000,0.170000000000,0E-12
026436,低钙腹膜透析液(乳酸盐-G1.5%),2010-03-14 00:00:00,2010,5689.000000,0.170000000000,0E-12
026436,低钙腹膜透析液(乳酸盐-G1.5%),2010-03-07 00:00:00,2010,3684.000000,0.170000000000,0E-12
026436,低钙腹膜透析液(乳酸盐-G1.5%),2010-02-28 00:00:00,2010,4223.000000,0.170000000000,0E-12
026436,低钙腹膜透析液(乳酸盐-G1.5%),2010-02-21 00:00:00,2010,368.000000,0.170000000000,0E-12
026436,低钙腹膜透析液(乳酸盐-G1.5%),2010-02-14 00:00:00,2010,5714.000000,0.170000000000,0E-12
026436,低钙腹膜透析液(乳酸盐-G1.5%),2010-02-07 00:00:00,2010,8896.000000,0.170000000000,0E-12
026436,低钙腹膜透析液(乳酸盐-G1.5%),2010-01-31 00:00:00,2010,5206.000000,0.170000000000,0E-12
026436,低钙腹膜透析液(乳酸盐-G1.5%),2010-01-24 00:00:00,2010,7520.000000,0.170000000000,0E-12
026436,低钙腹膜透析液(乳酸盐-G1.5%),2010-01-17 00:00:00,2010,4928.000000,0.170000000000,0E-12
026436,低钙腹膜透析液(乳酸盐-G1.5%),2010-01-10 00:00:00,2010,6904.000000,0.170000000000,0E-12
026436,低钙腹膜透析液(乳酸盐-G1.5%),2010-01-03 00:00:00,2010,3647.000000,0.170000000000,0E-12
026436,低钙腹膜透析液(乳酸盐-G1.5%),2009-12-27 00:00:00,2009,3652.000000,0.170000000000,0E-12
026436,低钙腹膜透析液(乳酸盐-G1.5%),2009-12-20 00:00:00,2009,5030.000000,0.170000000000,0E-12
026436,低钙腹膜透析液(乳酸盐-G1.5%),2009-12-13 00:00:00,2009,7321.000000,0.170000000000,0E-12
026436,低钙腹膜透析液(乳酸盐-G1.5%),2009-12-06 00:00:00,2009,2776.000000,0.170000000000,0E-12
026436,低钙腹膜透析液(乳酸盐-G1.5%),2009-11-29 00:00:00,2009,4693.000000,0.170000000000,0E-12
026436,低钙腹膜透析液(乳酸盐-G1.5%),2009-11-22 00:00:00,2009,5416.000000,0.170000000000,0E-12
026436,低钙腹膜透析液(乳酸盐-G1.5%),2009-11-15 00:00:00,2009,3344.000000,0.170000000000,0E-12
026436,低钙腹膜透析液(乳酸盐-G1.5%),2009-11-08 00:00:00,2009,5840.000000,0.170000000000,0E-12
026436,低钙腹膜透析液(乳酸盐-G1.5%),2009-11-01 00:00:00,2009,4416.000000,0.170000000000,0E-12
026436,低钙腹膜透析液(乳酸盐-G1.5%),2009-10-25 00:00:00,2009,5648.000000,0.170000000000,0E-12
026436,低钙腹膜透析液(乳酸盐-G1.5%),2009-10-18 00:00:00,2009,4979.000000,0.170000000000,0E-12
026436,低钙腹膜透析液(乳酸盐-G1.5%),2009-10-11 00:00:00,2009,3964.000000,0.170000000000,0E-12
026436,低钙腹膜透析液(乳酸盐-G1.5%),2009-10-04 00:00:00,2009,3096.000000,0.170000000000,0E-12
026436,低钙腹膜透析液(乳酸盐-G1.5%),2009-09-27 00:00:00,2009,6041.000000,0.170000000000,0E-12
026436,低钙腹膜透析液(乳酸盐-G1.5%),2009-09-20 00:00:00,2009,7900.000000,0.170000000000,0E-12
026436,低钙腹膜透析液(乳酸盐-G1.5%),2009-09-13 00:00:00,2009,5220.000000,0.170000000000,0E-12
026436,低钙腹膜透析液(乳酸盐-G1.5%),2009-09-06 00:00:00,2009,6015.000000,0.170000000000,0E-12
026436,低钙腹膜透析液(乳酸盐-G1.5%),2009-08-30 00:00:00,2009,4114.000000,0.170000000000,0E-12
026436,低钙腹膜透析液(乳酸盐-G1.5%),2009-08-23 00:00:00,2009,3533.000000,0.170000000000,0E-12
026436,低钙腹膜透析液(乳酸盐-G1.5%),2009-08-16 00:00:00,2009,6356.000000,0.170000000000,0E-12
026436,低钙腹膜透析液(乳酸盐-G1.5%),2009-08-09 00:00:00,2009,4958.000000,0.170000000000,0E-12
026436,低钙腹膜透析液(乳酸盐-G1.5%),2009-08-02 00:00:00,2009,4740.000000,0.170000000000,0E-12
026436,低钙腹膜透析液(乳酸盐-G1.5%),2009-07-26 00:00:00,2009,2752.000000,0.170000000000,0E-12
026436,低钙腹膜透析液(乳酸盐-G1.5%),2009-07-19 00:00:00,2009,5722.000000,0.170000000000,0E-12
026436,低钙腹膜透析液(乳酸盐-G1.5%),2009-07-12 00:00:00,2009,4064.000000,0.170000000000,0E-12
026436,低钙腹膜透析液(乳酸盐-G1.5%),2009-07-05 00:00:00,2009,3752.000000,0.170000000000,0E-12
026436,低钙腹膜透析液(乳酸盐-G1.5%),2009-06-28 00:00:00,2009,6004.000000,0.170000000000,0E-12
026436,低钙腹膜透析液(乳酸盐-G1.5%),2009-06-21 00:00:00,2009,3159.000000,0.170000000000,0E-12
026436,低钙腹膜透析液(乳酸盐-G1.5%),2009-06-14 00:00:00,2009,3496.000000,0.170000000000,0E-12
026436,低钙腹膜透析液(乳酸盐-G1.5%),2009-06-07 00:00:00,2009,6550.000000,0.170000000000,0E-12
026436,低钙腹膜透析液(乳酸盐-G1.5%),2009-05-31 00:00:00,2009,4024.000000,0.170000000000,0E-12
026436,低钙腹膜透析液(乳酸盐-G1.5%),2009-05-24 00:00:00,2009,6027.000000,0.170000000000,0E-12
026436,低钙腹膜透析液(乳酸盐-G1.5%),2009-05-17 00:00:00,2009,5057.000000,0.170000000000,0E-12
026436,低钙腹膜透析液(乳酸盐-G1.5%),2009-05-10 00:00:00,2009,3667.000000,0.170000000000,0E-12
026436,低钙腹膜透析液(乳酸盐-G1.5%),2009-05-03 00:00:00,2009,6567.000000,0.170000000000,0E-12
026436,低钙腹膜透析液(乳酸盐-G1.5%),2009-04-26 00:00:00,2009,3215.000000,0.170000000000,0E-12
026436,低钙腹膜透析液(乳酸盐-G1.5%),2009-04-19 00:00:00,2009,5266.000000,0.170000000000,0E-12
026436,低钙腹膜透析液(乳酸盐-G1.5%),2009-04-12 00:00:00,2009,2524.000000,0.170000000000,0E-12
026436,低钙腹膜透析液(乳酸盐-G1.5%),2009-04-05 00:00:00,2009,5300.000000,0.170000000000,0E-12
026436,低钙腹膜透析液(乳酸盐-G1.5%),2009-03-29 00:00:00,2009,3680.000000,0.170000000000,0E-12
026436,低钙腹膜透析液(乳酸盐-G1.5%),2009-03-22 00:00:00,2009,4918.000000,0.170000000000,0E-12
026436,低钙腹膜透析液(乳酸盐-G1.5%),2009-03-15 00:00:00,2009,4979.000000,0.170000000000,0E-12
026436,低钙腹膜透析液(乳酸盐-G1.5%),2009-03-08 00:00:00,2009,4672.000000,0.170000000000,0E-12
026436,低钙腹膜透析液(乳酸盐-G1.5%),2009-03-01 00:00:00,2009,3744.000000,0.170000000000,0E-12
026436,低钙腹膜透析液(乳酸盐-G1.5%),2009-02-22 00:00:00,2009,5660.000000,0.170000000000,0E-12
026436,低钙腹膜透析液(乳酸盐-G1.5%),2009-02-15 00:00:00,2009,1548.000000,0.170000000000,0E-12
026436,低钙腹膜透析液(乳酸盐-G1.5%),2009-02-08 00:00:00,2009,2460.000000,0.170000000000,0E-12
026436,低钙腹膜透析液(乳酸盐-G1.5%),2009-02-01 00:00:00,2009,544.000000,0.170000000000,0E-12
026436,低钙腹膜透析液(乳酸盐-G1.5%),2009-01-25 00:00:00,2009,6128.000000,0.170000000000,0E-12
026436,低钙腹膜透析液(乳酸盐-G1.5%),2009-01-18 00:00:00,2009,5013.000000,0.170000000000,0E-12
026436,低钙腹膜透析液(乳酸盐-G1.5%),2009-01-11 00:00:00,2009,6917.000000,0.170000000000,0E-12
026436,低钙腹膜透析液(乳酸盐-G1.5%),2009-01-04 00:00:00,2009,3013.000000,0.170000000000,0E-12
026436,低钙腹膜透析液(乳酸盐-G1.5%),2008-12-28 00:00:00,2008,6144.000000,0.170000000000,0E-12
026436,低钙腹膜透析液(乳酸盐-G1.5%),2008-12-21 00:00:00,2008,3794.000000,0.170000000000,0E-12
026436,低钙腹膜透析液(乳酸盐-G1.5%),2008-12-14 00:00:00,2008,4404.000000,0.170000000000,0E-12
026436,低钙腹膜透析液(乳酸盐-G1.5%),2008-12-07 00:00:00,2008,2616.000000,0.170000000000,0E-12
026436,低钙腹膜透析液(乳酸盐-G1.5%),2008-11-30 00:00:00,2008,4430.000000,0.170000000000,0E-12
026436,低钙腹膜透析液(乳酸盐-G1.5%),2008-11-23 00:00:00,2008,4392.000000,0.170000000000,0E-12
026436,低钙腹膜透析液(乳酸盐-G1.5%),2008-11-16 00:00:00,2008,4648.000000,0.170000000000,0E-12
026436,低钙腹膜透析液(乳酸盐-G1.5%),2008-11-09 00:00:00,2008,3944.000000,0.170000000000,0E-12
026436,低钙腹膜透析液(乳酸盐-G1.5%),2008-11-02 00:00:00,2008,5228.000000,0.170000000000,0E-12
026436,低钙腹膜透析液(乳酸盐-G1.5%),2008-10-26 00:00:00,2008,3552.000000,0.170000000000,0E-12
026436,低钙腹膜透析液(乳酸盐-G1.5%),2008-10-19 00:00:00,2008,4992.000000,0.170000000000,0E-12
026436,低钙腹膜透析液(乳酸盐-G1.5%),2008-10-12 00:00:00,2008,3792.000000,0.170000000000,0E-12
026436,低钙腹膜透析液(乳酸盐-G1.5%),2008-10-05 00:00:00,2008,16.000000,0.170000000000,0E-12
026436,低钙腹膜透析液(乳酸盐-G1.5%),2008-09-28 00:00:00,2008,6147.000000,0.170000000000,0E-12
026436,低钙腹膜透析液(乳酸盐-G1.5%),2008-09-21 00:00:00,2008,5467.000000,0.170000000000,0E-12
026436,低钙腹膜透析液(乳酸盐-G1.5%),2008-09-14 00:00:00,2008,3062.000000,0.170000000000,0E-12
026436,低钙腹膜透析液(乳酸盐-G1.5%),2008-09-07 00:00:00,2008,4100.000000,0.170000000000,0E-12
026436,低钙腹膜透析液(乳酸盐-G1.5%),2008-08-31 00:00:00,2008,2880.000000,0.170000000000,0E-12
026436,低钙腹膜透析液(乳酸盐-G1.5%),2008-08-24 00:00:00,2008,4588.000000,0.170000000000,0E-12
026436,低钙腹膜透析液(乳酸盐-G1.5%),2008-08-17 00:00:00,2008,3135.000000,0.170000000000,0E-12
026436,低钙腹膜透析液(乳酸盐-G1.5%),2008-08-10 00:00:00,2008,5576.000000,0.170000000000,0E-12
026436,低钙腹膜透析液(乳酸盐-G1.5%),2008-08-03 00:00:00,2008,4540.000000,0.170000000000,0E-12
026436,低钙腹膜透析液(乳酸盐-G1.5%),2008-07-27 00:00:00,2008,3942.000000,0.170000000000,0E-12
026436,低钙腹膜透析液(乳酸盐-G1.5%),2008-07-20 00:00:00,2008,3303.000000,0.170000000000,0E-12
026436,低钙腹膜透析液(乳酸盐-G1.5%),2008-07-13 00:00:00,2008,6128.000000,0.170000000000,0E-12
026436,低钙腹膜透析液(乳酸盐-G1.5%),2008-07-06 00:00:00,2008,3447.000000,0.170000000000,0E-12
026436,低钙腹膜透析液(乳酸盐-G1.5%),2008-06-29 00:00:00,2008,2792.000000,0.170000000000,0E-12
026436,低钙腹膜透析液(乳酸盐-G1.5%),2008-06-22 00:00:00,2008,4280.000000,0.170000000000,0E-12
026436,低钙腹膜透析液(乳酸盐-G1.5%),2008-06-15 00:00:00,2008,2666.000000,0.170000000000,0E-12
026436,低钙腹膜透析液(乳酸盐-G1.5%),2008-06-08 00:00:00,2008,2658.000000,0.170000000000,0E-12
026436,低钙腹膜透析液(乳酸盐-G1.5%),2008-06-01 00:00:00,2008,3775.000000,0.170000000000,0E-12
026436,低钙腹膜透析液(乳酸盐-G1.5%),2008-05-25 00:00:00,2008,3524.000000,0.170000000000,0E-12
026436,低钙腹膜透析液(乳酸盐-G1.5%),2008-05-18 00:00:00,2008,7677.000000,0.170000000000,0E-12
026436,低钙腹膜透析液(乳酸盐-G1.5%),2008-04-27 00:00:00,2008,2.000000,0.170000000000,0E-12
026436,低钙腹膜透析液(乳酸盐-G1.5%),2008-01-27 00:00:00,2008,-2.000000,0.170000000000,0E-12
026436,低钙腹膜透析液(乳酸盐-G1.5%),2007-11-25 00:00:00,2007,1.000000,0.170000000000,0E-12
026436,低钙腹膜透析液(乳酸盐-G1.5%),2007-10-21 00:00:00,2007,-8.000000,0.170000000000,0E-12
026436,低钙腹膜透析液(乳酸盐-G1.5%),2007-09-30 00:00:00,2007,0.000000,0.170000000000,0E-12
026436,低钙腹膜透析液(乳酸盐-G1.5%),2007-09-02 00:00:00,2007,895.000000,0.170000000000,0E-12
026436,低钙腹膜透析液(乳酸盐-G1.5%),2007-08-26 00:00:00,2007,942.000000,0.170000000000,0E-12
026436,低钙腹膜透析液(乳酸盐-G1.5%),2007-08-19 00:00:00,2007,1790.000000,0.170000000000,0E-12
026436,低钙腹膜透析液(乳酸盐-G1.5%),2007-08-12 00:00:00,2007,2928.000000,0.170000000000,0E-12
026436,低钙腹膜透析液(乳酸盐-G1.5%),2007-08-05 00:00:00,2007,2040.000000,0.170000000000,0E-12
026436,低钙腹膜透析液(乳酸盐-G1.5%),2007-07-29 00:00:00,2007,2688.000000,0.170000000000,0E-12
026436,低钙腹膜透析液(乳酸盐-G1.5%),2007-07-22 00:00:00,2007,1931.000000,0.170000000000,0E-12
026436,低钙腹膜透析液(乳酸盐-G1.5%),2007-07-15 00:00:00,2007,2952.000000,0.170000000000,0E-12
026436,低钙腹膜透析液(乳酸盐-G1.5%),2007-07-08 00:00:00,2007,3288.000000,0.170000000000,0E-12
026436,低钙腹膜透析液(乳酸盐-G1.5%),2007-07-01 00:00:00,2007,2811.000000,0.170000000000,0E-12
026436,低钙腹膜透析液(乳酸盐-G1.5%),2007-06-24 00:00:00,2007,2024.000000,0.170000000000,0E-12
026436,低钙腹膜透析液(乳酸盐-G1.5%),2007-06-17 00:00:00,2007,2376.000000,0.170000000000,0E-12
026436,低钙腹膜透析液(乳酸盐-G1.5%),2007-06-10 00:00:00,2007,2091.000000,0.170000000000,0E-12
026436,低钙腹膜透析液(乳酸盐-G1.5%),2007-06-03 00:00:00,2007,2376.000000,0.170000000000,0E-12
026436,低钙腹膜透析液(乳酸盐-G1.5%),2007-05-27 00:00:00,2007,1584.000000,0.170000000000,0E-12
026436,低钙腹膜透析液(乳酸盐-G1.5%),2007-05-20 00:00:00,2007,3446.000000,0.170000000000,0E-12
026436,低钙腹膜透析液(乳酸盐-G1.5%),2007-05-13 00:00:00,2007,1534.000000,0.170000000000,0E-12
026436,低钙腹膜透析液(乳酸盐-G1.5%),2007-05-06 00:00:00,2007,1646.000000,0.170000000000,0E-12
026436,低钙腹膜透析液(乳酸盐-G1.5%),2007-04-29 00:00:00,2007,1888.000000,0.170000000000,0E-12
026436,低钙腹膜透析液(乳酸盐-G1.5%),2007-04-22 00:00:00,2007,2576.000000,0.170000000000,0E-12
026436,低钙腹膜透析液(乳酸盐-G1.5%),2007-04-15 00:00:00,2007,966.000000,0.170000000000,0E-12
026436,低钙腹膜透析液(乳酸盐-G1.5%),2007-04-08 00:00:00,2007,4750.000000,0.170000000000,0E-12
026436,低钙腹膜透析液(乳酸盐-G1.5%),2007-04-01 00:00:00,2007,1413.000000,0.170000000000,0E-12
026436,低钙腹膜透析液(乳酸盐-G1.5%),2007-03-25 00:00:00,2007,2152.000000,0.170000000000,0E-12
026436,低钙腹膜透析液(乳酸盐-G1.5%),2007-03-18 00:00:00,2007,3611.000000,0.170000000000,0E-12
026436,低钙腹膜透析液(乳酸盐-G1.5%),2007-03-11 00:00:00,2007,1661.000000,0.170000000000,0E-12
026436,低钙腹膜透析液(乳酸盐-G1.5%),2007-03-04 00:00:00,2007,766.000000,0.170000000000,0E-12
026436,低钙腹膜透析液(乳酸盐-G1.5%),2007-02-25 00:00:00,2007,168.000000,0.170000000000,0E-12
026436,低钙腹膜透析液(乳酸盐-G1.5%),2007-02-18 00:00:00,2007,1443.000000,0.170000000000,0E-12
026436,低钙腹膜透析液(乳酸盐-G1.5%),2007-02-11 00:00:00,2007,4544.000000,0.170000000000,0E-12
026436,低钙腹膜透析液(乳酸盐-G1.5%),2007-02-04 00:00:00,2007,2273.000000,0.170000000000,0E-12
026436,低钙腹膜透析液(乳酸盐-G1.5%),2007-01-28 00:00:00,2007,3111.000000,0.170000000000,0E-12
026436,低钙腹膜透析液(乳酸盐-G1.5%),2007-01-21 00:00:00,2007,1892.000000,0.170000000000,0E-12
026436,低钙腹膜透析液(乳酸盐-G1.5%),2007-01-14 00:00:00,2007,1968.000000,0.155833333333,0E-12
026436,低钙腹膜透析液(乳酸盐-G1.5%),2007-01-07 00:00:00,2007,1570.000000,0.170000000000,0E-12
026436,低钙腹膜透析液(乳酸盐-G1.5%),2006-12-31 00:00:00,2006,3216.000000,0.170000000000,0E-12
026436,低钙腹膜透析液(乳酸盐-G1.5%),2006-12-24 00:00:00,2006,1728.000000,0.170000000000,0E-12
026436,低钙腹膜透析液(乳酸盐-G1.5%),2006-12-17 00:00:00,2006,1476.000000,0.170000000000,0E-12
026436,低钙腹膜透析液(乳酸盐-G1.5%),2006-12-10 00:00:00,2006,3698.000000,0.170000000000,0E-12
026436,低钙腹膜透析液(乳酸盐-G1.5%),2006-12-03 00:00:00,2006,2052.000000,0.170000000000,0E-12
026436,低钙腹膜透析液(乳酸盐-G1.5%),2006-11-26 00:00:00,2006,2408.000000,0.170000000000,0E-12
026436,低钙腹膜透析液(乳酸盐-G1.5%),2006-11-19 00:00:00,2006,1320.000000,0.161052631579,0E-12
026436,低钙腹膜透析液(乳酸盐-G1.5%),2006-11-12 00:00:00,2006,2528.000000,0.170000000000,0E-12
026436,低钙腹膜透析液(乳酸盐-G1.5%),2006-11-05 00:00:00,2006,1184.000000,0.170000000000,0E-12
026436,低钙腹膜透析液(乳酸盐-G1.5%),2006-10-29 00:00:00,2006,1824.000000,0.170000000000,0E-12
026436,低钙腹膜透析液(乳酸盐-G1.5%),2006-10-22 00:00:00,2006,2394.000000,0.170000000000,0E-12
026436,低钙腹膜透析液(乳酸盐-G1.5%),2006-10-15 00:00:00,2006,2534.000000,0.162272727273,0E-12
026436,低钙腹膜透析液(乳酸盐-G1.5%),2006-10-08 00:00:00,2006,824.000000,0.170000000000,0E-12
026436,低钙腹膜透析液(乳酸盐-G1.5%),2006-10-01 00:00:00,2006,4496.000000,0.170000000000,0E-12
026436,低钙腹膜透析液(乳酸盐-G1.5%),2006-09-24 00:00:00,2006,1352.000000,0.170000000000,0E-12
026436,低钙腹膜透析液(乳酸盐-G1.5%),2006-09-17 00:00:00,2006,1504.000000,0.170000000000,0E-12
026436,低钙腹膜透析液(乳酸盐-G1.5%),2006-09-10 00:00:00,2006,1648.000000,0.151785714286,0E-12
026436,低钙腹膜透析液(乳酸盐-G1.5%),2006-09-03 00:00:00,2006,2584.000000,0.170000000000,0E-12
026436,低钙腹膜透析液(乳酸盐-G1.5%),2006-08-27 00:00:00,2006,1808.000000,0.170000000000,0E-12
026436,低钙腹膜透析液(乳酸盐-G1.5%),2006-08-20 00:00:00,2006,1280.000000,0.170000000000,0E-12
026436,低钙腹膜透析液(乳酸盐-G1.5%),2006-08-13 00:00:00,2006,1410.000000,0.170000000000,0E-12
026436,低钙腹膜透析液(乳酸盐-G1.5%),2006-08-06 00:00:00,2006,2912.000000,0.163200000000,0E-12
026436,低钙腹膜透析液(乳酸盐-G1.5%),2006-07-30 00:00:00,2006,1104.000000,0.170000000000,0E-12
026436,低钙腹膜透析液(乳酸盐-G1.5%),2006-07-23 00:00:00,2006,1528.000000,0.170000000000,0E-12
026436,低钙腹膜透析液(乳酸盐-G1.5%),2006-07-16 00:00:00,2006,2111.000000,0.160000000000,0E-12
026436,低钙腹膜透析液(乳酸盐-G1.5%),2006-07-09 00:00:00,2006,2048.000000,0.163703703704,0E-12
026436,低钙腹膜透析液(乳酸盐-G1.5%),2006-07-02 00:00:00,2006,1672.000000,0.158666666667,0E-12
026436,低钙腹膜透析液(乳酸盐-G1.5%),2006-06-25 00:00:00,2006,2129.000000,0.153000000000,0E-12
026436,低钙腹膜透析液(乳酸盐-G1.5%),2006-06-18 00:00:00,2006,1528.000000,0.161500000000,0E-12
026436,低钙腹膜透析液(乳酸盐-G1.5%),2006-06-11 00:00:00,2006,1888.000000,0.159375000000,0E-12
026436,低钙腹膜透析液(乳酸盐-G1.5%),2006-06-04 00:00:00,2006,816.000000,0.157857142857,0E-12
026436,低钙腹膜透析液(乳酸盐-G1.5%),2006-05-28 00:00:00,2006,1656.000000,0.040000000000,0E-12
026436,低钙腹膜透析液(乳酸盐-G1.5%),2006-05-21 00:00:00,2006,2320.000000,0.007391304348,0E-12
026436,低钙腹膜透析液(乳酸盐-G1.5%),2006-05-14 00:00:00,2006,2536.000000,0E-12,0E-12
026436,低钙腹膜透析液(乳酸盐-G1.5%),2006-05-07 00:00:00,2006,400.000000,0E-12,0E-12
026436,低钙腹膜透析液(乳酸盐-G1.5%),2006-04-30 00:00:00,2006,1755.000000,0E-12,0E-12
026436,低钙腹膜透析液(乳酸盐-G1.5%),2006-04-23 00:00:00,2006,606.000000,0E-12,0E-12
026436,低钙腹膜透析液(乳酸盐-G1.5%),2006-04-16 00:00:00,2006,2693.000000,0E-12,0E-12
026436,低钙腹膜透析液(乳酸盐-G1.5%),2006-04-09 00:00:00,2006,2008.000000,0E-12,0E-12
026436,低钙腹膜透析液(乳酸盐-G1.5%),2006-04-02 00:00:00,2006,1269.000000,0E-12,0E-12
026436,低钙腹膜透析液(乳酸盐-G1.5%),2006-03-26 00:00:00,2006,1448.000000,0E-12,0E-12
026436,低钙腹膜透析液(乳酸盐-G1.5%),2006-03-19 00:00:00,2006,617.000000,0E-12,0E-12
026436,低钙腹膜透析液(乳酸盐-G1.5%),2006-03-12 00:00:00,2006,256.000000,0E-12,0E-12
026436,低钙腹膜透析液(乳酸盐-G1.5%),2006-03-05 00:00:00,2006,1002.000000,0E-12,0E-12
026436,低钙腹膜透析液(乳酸盐-G1.5%),2006-02-26 00:00:00,2006,192.000000,0E-12,0E-12
026436,低钙腹膜透析液(乳酸盐-G1.5%),2006-02-19 00:00:00,2006,1456.000000,0E-12,0E-12
026436,低钙腹膜透析液(乳酸盐-G1.5%),2006-02-12 00:00:00,2006,120.000000,0E-12,0E-12
026436,低钙腹膜透析液(乳酸盐-G1.5%),2006-01-29 00:00:00,2006,1008.000000,0E-12,0E-12
026436,低钙腹膜透析液(乳酸盐-G1.5%),2006-01-22 00:00:00,2006,32.000000,0E-12,0E-12
026436,低钙腹膜透析液(乳酸盐-G1.5%),2006-01-15 00:00:00,2006,1008.000000,0E-12,0E-12
026436,低钙腹膜透析液(乳酸盐-G1.5%),2006-01-08 00:00:00,2006,1168.000000,0E-12,0E-12
026436,低钙腹膜透析液(乳酸盐-G1.5%),2006-01-01 00:00:00,2006,832.000000,0E-12,0E-12
026436,低钙腹膜透析液(乳酸盐-G1.5%),2005-12-25 00:00:00,2005,56.000000,0E-12,0E-12
026436,低钙腹膜透析液(乳酸盐-G1.5%),2005-12-18 00:00:00,2005,88.000000,0E-12,0E-12
026436,低钙腹膜透析液(乳酸盐-G1.5%),2005-12-11 00:00:00,2005,56.000000,0E-12,0E-12
026436,低钙腹膜透析液(乳酸盐-G1.5%),2005-12-04 00:00:00,2005,88.000000,0E-12,0E-12
026436,低钙腹膜透析液(乳酸盐-G1.5%),2005-11-13 00:00:00,2005,104.000000,0E-12,0E-12
026436,低钙腹膜透析液(乳酸盐-G1.5%),2005-10-23 00:00:00,2005,80.000000,0E-12,0E-12
026436,低钙腹膜透析液(乳酸盐-G1.5%),2005-10-16 00:00:00,2005,32.000000,0E-12,0E-12
026436,低钙腹膜透析液(乳酸盐-G1.5%),2005-10-09 00:00:00,2005,56.000000,0E-12,0E-12
026436,低钙腹膜透析液(乳酸盐-G1.5%),2005-10-02 00:00:00,2005,300.000000,0E-12,0E-12
026436,低钙腹膜透析液(乳酸盐-G1.5%),2005-09-18 00:00:00,2005,-89.000000,0E-12,0E-12
026436,低钙腹膜透析液(乳酸盐-G1.5%),2005-09-11 00:00:00,2005,56.000000,0E-12,0E-12
026436,低钙腹膜透析液(乳酸盐-G1.5%),2005-09-04 00:00:00,2005,208.000000,0E-12,0E-12
026436,低钙腹膜透析液(乳酸盐-G1.5%),2005-08-28 00:00:00,2005,40.000000,0E-12,0E-12
026436,低钙腹膜透析液(乳酸盐-G1.5%),2005-08-14 00:00:00,2005,112.000000,0E-12,0E-12
026436,低钙腹膜透析液(乳酸盐-G1.5%),2005-08-07 00:00:00,2005,56.000000,0E-12,0E-12
026436,低钙腹膜透析液(乳酸盐-G1.5%),2005-07-24 00:00:00,2005,80.000000,0E-12,0E-12
026436,低钙腹膜透析液(乳酸盐-G1.5%),2005-07-17 00:00:00,2005,40.000000,0E-12,0E-12
026436,低钙腹膜透析液(乳酸盐-G1.5%),2005-07-03 00:00:00,2005,192.000000,0E-12,0E-12
026436,低钙腹膜透析液(乳酸盐-G1.5%),2005-05-29 00:00:00,2005,120.000000,0E-12,0E-12
